sex,reason
men,no time
men,no time
men,no time
men,no time
men,no time
men,no time
men,no time
men,no time
men,no time
men,no time
men,no time
men,no time
men,no time
men,no time
men,no time
men,no time
men,no time
men,no time
men,no time
men,no time
men,no time
men,no time
men,no time
men,no time
men,no time
men,no time
men,no time
men,no time
men,no time
men,no time
men,no time
men,no time
men,no time
men,no time
men,no time
men,no time
men,no time
men,no time
men,no time
men,no time
men,no time
men,no time
men,no time
men,no time
men,no time
men,no time
men,no time
men,no time
men,no time
men,no time
men,no time
men,no time
men,no time
men,no time
men,no time
men,no time
men,no time
men,no time
men,no time
men,no time
men,no time
men,no time
men,no time
men,no time
men,no time
men,no time
men,no time
men,no time
men,no time
men,no time
men,no time
men,no time
men,no time
men,no time
men,no time
men,no time
men,no time
men,no time
men,no time
men,no time
men,no time
men,no time
men,no time
men,no time
men,no time
men,no time
men,no time
men,no time
men,no time
men,no time
men,no time
men,no time
men,no time
men,no time
men,no time
men,no time
men,no time
men,no time
men,no time
men,no time
men,no time
men,no time
men,no time
men,no time
men,no time
men,no time
men,no time
men,no time
men,no time
men,no time
men,no time
men,no time
men,no time
men,no time
men,no time
men,no time
men,no time
men,no time
men,no time
men,no time
men,no time
men,no time
men,no time
men,no time
men,no time
men,no time
men,no time
men,no time
men,no time
men,no time
men,no time
men,no time
men,no time
men,no time
men,no time
men,no time
men,no time
men,no time
men,no time
men,no time
men,no time
men,no time
men,no time
men,no time
men,no time
men,no time
men,no time
men,no time
men,no time
men,no time
men,no time
men,no time
men,no time
men,no time
men,no time
men,no time
men,no time
men,no time
men,no time
men,no time
men,no time
men,no time
men,no time
men,no time
men,no time
men,no time
men,no time
men,no time
men,no time
men,no time
men,no time
men,no time
men,no time
men,no time
men,no time
men,no time
men,no time
men,no time
men,no time
men,no time
men,no time
men,no time
men,no time
men,no time
men,no time
men,no time
men,no time
men,no time
men,no time
men,no time
men,no time
men,no time
men,no time
men,no time
men,no time
men,no time
men,no time
men,no time
men,no time
men,no time
men,no time
men,no time
men,no time
men,no time
men,no time
men,no time
men,no time
men,no time
men,no time
men,no time
men,no time
men,no time
men,no time
men,no time
men,no time
men,no time
men,no time
men,no time
men,no time
men,no time
men,no time
men,no time
men,no time
men,no time
men,no time
men,no time
men,no time
men,no time
men,no time
men,no time
men,no time
men,no time
men,no time
men,no time
men,no time
men,no time
men,no time
men,no time
men,no time
men,no time
men,no time
men,no time
men,no time
men,no time
men,no time
men,no time
men,no time
men,no time
men,no time
men,no time
men,no time
men,no time
men,no time
men,no time
men,no time
men,no time
men,no time
men,no time
men,no time
men,no time
men,no time
men,no time
men,no time
men,no time
men,no time
men,no time
men,no time
men,no time
men,no time
men,no time
men,no time
men,no time
men,no time
men,no time
men,no time
men,no time
men,no time
men,no time
men,no time
men,no time
men,no time
men,no time
men,no time
men,no time
men,no time
men,no time
men,no time
men,no time
men,no time
men,no time
men,no time
men,no time
men,no time
men,no time
men,no time
men,no time
men,no time
men,no time
men,no time
men,no time
men,no time
men,no time
men,no time
men,no time
men,no time
men,no time
men,no time
men,no time
men,no time
men,no time
men,no time
men,no time
men,no time
men,no time
men,no time
men,no time
men,no time
men,no time
men,no time
men,no time
men,no time
men,no time
men,no time
men,no time
men,no time
men,no time
men,no time
men,no time
men,no time
men,no time
men,no time
men,no time
men,no time
men,no time
men,no time
men,no time
men,no time
men,no time
men,no time
men,no time
men,no time
men,no time
men,no time
men,no time
men,no time
men,no time
men,no time
men,no time
men,no time
men,no time
men,no time
men,no time
men,no time
men,no time
men,no time
men,no time
men,no time
men,no time
women,no time
women,no time
women,no time
women,no time
women,no time
women,no time
women,no time
women,no time
women,no time
women,no time
women,no time
women,no time
women,no time
women,no time
women,no time
women,no time
women,no time
women,no time
women,no time
women,no time
women,no time
women,no time
women,no time
women,no time
women,no time
women,no time
women,no time
women,no time
women,no time
women,no time
women,no time
women,no time
women,no time
women,no time
women,no time
women,no time
women,no time
women,no time
women,no time
women,no time
women,no time
women,no time
women,no time
women,no time
women,no time
women,no time
women,no time
women,no time
women,no time
women,no time
women,no time
women,no time
women,no time
women,no time
women,no time
women,no time
women,no time
women,no time
women,no time
women,no time
women,no time
women,no time
women,no time
women,no time
women,no time
women,no time
women,no time
women,no time
women,no time
women,no time
women,no time
women,no time
women,no time
women,no time
women,no time
women,no time
women,no time
women,no time
women,no time
women,no time
women,no time
women,no time
women,no time
women,no time
women,no time
women,no time
women,no time
women,no time
women,no time
women,no time
women,no time
women,no time
women,no time
women,no time
women,no time
women,no time
women,no time
women,no time
women,no time
women,no time
women,no time
women,no time
women,no time
women,no time
women,no time
women,no time
women,no time
women,no time
women,no time
women,no time
women,no time
women,no time
women,no time
women,no time
women,no time
women,no time
women,no time
women,no time
women,no time
women,no time
women,no time
women,no time
women,no time
women,no time
women,no time
women,no time
women,no time
women,no time
women,no time
women,no time
women,no time
women,no time
women,no time
women,no time
women,no time
women,no time
women,no time
women,no time
women,no time
women,no time
women,no time
women,no time
women,no time
women,no time
women,no time
women,no time
women,no time
women,no time
women,no time
women,no time
women,no time
women,no time
women,no time
women,no time
women,no time
women,no time
women,no time
women,no time
women,no time
women,no time
women,no time
women,no time
women,no time
women,no time
women,no time
women,no time
women,no time
women,no time
women,no time
women,no time
women,no time
women,no time
women,no time
women,no time
women,no time
women,no time
women,no time
women,no time
women,no time
women,no time
women,no time
women,no time
women,no time
women,no time
women,no time
women,no time
women,no time
women,no time
women,no time
women,no time
women,no time
women,no time
women,no time
women,no time
women,no time
women,no time
women,no time
women,no time
women,no time
women,no time
women,no time
women,no time
women,no time
women,no time
women,no time
women,no time
women,no time
women,no time
women,no time
women,no time
women,no time
women,no time
women,no time
women,no time
women,no time
women,no time
women,no time
women,no time
women,no time
women,no time
women,no time
women,no time
women,no time
women,no time
women,no time
women,no time
women,no time
women,no time
women,no time
women,no time
women,no time
women,no time
women,no time
women,no time
women,no time
women,no time
women,no time
women,no time
women,no time
women,no time
women,no time
women,no time
women,no time
women,no time
women,no time
women,no time
women,no time
women,no time
women,no time
women,no time
women,no time
women,no time
women,no time
women,no time
women,no time
women,no time
women,no time
women,no time
women,no time
women,no time
women,no time
women,no time
women,no time
women,no time
women,no time
women,no time
women,no time
women,no time
women,no time
women,no time
women,no time
women,no time
women,no time
women,no time
women,no time
women,no time
women,no time
women,no time
women,no time
women,no time
women,no time
women,no time
women,no time
women,no time
women,no time
women,no time
women,no time
women,no time
women,no time
women,no time
women,no time
women,no time
women,no time
women,no time
women,no time
women,no time
women,no time
women,no time
women,no time
women,no time
women,no time
women,no time
women,no time
women,no time
women,no time
women,no time
women,no time
women,no time
women,no time
women,no time
women,no time
women,no time
women,no time
women,no time
women,no time
women,no time
women,no time
women,no time
women,no time
women,no time
women,no time
women,no time
women,no time
women,no time
women,no time
women,no time
women,no time
women,no time
women,no time
women,no time
women,no time
women,no time
women,no time
women,no time
women,no time
women,no time
women,no time
women,no time
women,no time
women,no time
women,no time
women,no time
women,no time
women,no time
women,no time
women,no time
women,no time
women,no time
women,no time
women,no time
women,no time
women,no time
women,no time
women,no time
women,no time
women,no time
women,no time
women,no time
women,no time
women,no time
women,no time
women,no time
women,no time
women,no time
women,no time
women,no time
women,no time
women,no time
women,no time
women,no time
women,no time
women,no time
women,no time
women,no time
men,in good health
men,in good health
men,in good health
men,in good health
men,in good health
men,in good health
men,in good health
men,in good health
men,in good health
men,in good health
men,in good health
men,in good health
men,in good health
men,in good health
men,in good health
men,in good health
men,in good health
men,in good health
men,in good health
men,in good health
men,in good health
men,in good health
men,in good health
men,in good health
men,in good health
men,in good health
men,in good health
men,in good health
men,in good health
men,in good health
men,in good health
men,in good health
men,in good health
men,in good health
men,in good health
men,in good health
men,in good health
men,in good health
men,in good health
men,in good health
men,in good health
men,in good health
men,in good health
men,in good health
men,in good health
men,in good health
men,in good health
men,in good health
men,in good health
men,in good health
men,in good health
men,in good health
men,in good health
men,in good health
men,in good health
men,in good health
men,in good health
men,in good health
men,in good health
men,in good health
men,in good health
men,in good health
men,in good health
men,in good health
men,in good health
men,in good health
men,in good health
men,in good health
men,in good health
men,in good health
men,in good health
men,in good health
men,in good health
men,in good health
men,in good health
men,in good health
men,in good health
men,in good health
men,in good health
men,in good health
men,in good health
men,in good health
men,in good health
men,in good health
men,in good health
men,in good health
men,in good health
men,in good health
men,in good health
men,in good health
men,in good health
men,in good health
men,in good health
men,in good health
men,in good health
men,in good health
men,in good health
men,in good health
men,in good health
men,in good health
men,in good health
men,in good health
men,in good health
men,in good health
men,in good health
men,in good health
men,in good health
men,in good health
men,in good health
men,in good health
men,in good health
men,in good health
men,in good health
men,in good health
men,in good health
men,in good health
men,in good health
men,in good health
men,in good health
men,in good health
men,in good health
men,in good health
men,in good health
men,in good health
men,in good health
men,in good health
men,in good health
men,in good health
men,in good health
men,in good health
men,in good health
men,in good health
men,in good health
men,in good health
men,in good health
men,in good health
men,in good health
men,in good health
men,in good health
men,in good health
men,in good health
men,in good health
men,in good health
men,in good health
men,in good health
men,in good health
men,in good health
men,in good health
men,in good health
men,in good health
men,in good health
men,in good health
men,in good health
men,in good health
men,in good health
men,in good health
men,in good health
men,in good health
men,in good health
men,in good health
men,in good health
men,in good health
men,in good health
men,in good health
men,in good health
men,in good health
men,in good health
men,in good health
men,in good health
men,in good health
men,in good health
men,in good health
men,in good health
men,in good health
men,in good health
men,in good health
men,in good health
men,in good health
men,in good health
men,in good health
men,in good health
men,in good health
men,in good health
men,in good health
men,in good health
men,in good health
men,in good health
men,in good health
men,in good health
men,in good health
men,in good health
men,in good health
men,in good health
men,in good health
men,in good health
men,in good health
men,in good health
men,in good health
men,in good health
men,in good health
men,in good health
men,in good health
men,in good health
men,in good health
men,in good health
men,in good health
men,in good health
men,in good health
men,in good health
men,in good health
men,in good health
men,in good health
men,in good health
men,in good health
men,in good health
men,in good health
men,in good health
men,in good health
men,in good health
men,in good health
men,in good health
men,in good health
men,in good health
men,in good health
men,in good health
men,in good health
men,in good health
men,in good health
men,in good health
men,in good health
men,in good health
men,in good health
men,in good health
men,in good health
men,in good health
men,in good health
men,in good health
men,in good health
men,in good health
men,in good health
men,in good health
men,in good health
men,in good health
men,in good health
men,in good health
men,in good health
men,in good health
men,in good health
men,in good health
men,in good health
men,in good health
men,in good health
men,in good health
men,in good health
men,in good health
men,in good health
men,in good health
men,in good health
men,in good health
men,in good health
men,in good health
men,in good health
men,in good health
men,in good health
men,in good health
men,in good health
men,in good health
men,in good health
men,in good health
men,in good health
men,in good health
men,in good health
men,in good health
men,in good health
men,in good health
men,in good health
men,in good health
men,in good health
men,in good health
men,in good health
men,in good health
men,in good health
men,in good health
men,in good health
men,in good health
men,in good health
men,in good health
men,in good health
men,in good health
men,in good health
men,in good health
men,in good health
men,in good health
men,in good health
men,in good health
men,in good health
men,in good health
men,in good health
men,in good health
men,in good health
men,in good health
men,in good health
men,in good health
men,in good health
men,in good health
men,in good health
men,in good health
men,in good health
men,in good health
men,in good health
men,in good health
men,in good health
men,in good health
men,in good health
men,in good health
men,in good health
men,in good health
men,in good health
men,in good health
men,in good health
men,in good health
men,in good health
men,in good health
men,in good health
men,in good health
men,in good health
men,in good health
men,in good health
men,in good health
men,in good health
men,in good health
men,in good health
men,in good health
men,in good health
men,in good health
men,in good health
men,in good health
men,in good health
men,in good health
men,in good health
men,in good health
men,in good health
men,in good health
men,in good health
men,in good health
men,in good health
men,in good health
men,in good health
men,in good health
men,in good health
men,in good health
men,in good health
men,in good health
men,in good health
men,in good health
men,in good health
men,in good health
men,in good health
men,in good health
men,in good health
men,in good health
men,in good health
men,in good health
men,in good health
men,in good health
men,in good health
men,in good health
men,in good health
men,in good health
men,in good health
men,in good health
men,in good health
men,in good health
men,in good health
men,in good health
men,in good health
men,in good health
men,in good health
men,in good health
men,in good health
men,in good health
men,in good health
men,in good health
men,in good health
men,in good health
men,in good health
men,in good health
men,in good health
men,in good health
men,in good health
men,in good health
men,in good health
women,in good health
women,in good health
women,in good health
women,in good health
women,in good health
women,in good health
women,in good health
women,in good health
women,in good health
women,in good health
women,in good health
women,in good health
women,in good health
women,in good health
women,in good health
women,in good health
women,in good health
women,in good health
women,in good health
women,in good health
women,in good health
women,in good health
women,in good health
women,in good health
women,in good health
women,in good health
women,in good health
women,in good health
women,in good health
women,in good health
women,in good health
women,in good health
women,in good health
women,in good health
women,in good health
women,in good health
women,in good health
women,in good health
women,in good health
women,in good health
women,in good health
women,in good health
women,in good health
women,in good health
women,in good health
women,in good health
women,in good health
women,in good health
women,in good health
women,in good health
women,in good health
women,in good health
women,in good health
women,in good health
women,in good health
women,in good health
women,in good health
women,in good health
women,in good health
women,in good health
women,in good health
women,in good health
women,in good health
women,in good health
women,in good health
women,in good health
women,in good health
women,in good health
women,in good health
women,in good health
women,in good health
women,in good health
women,in good health
women,in good health
women,in good health
women,in good health
women,in good health
women,in good health
women,in good health
women,in good health
women,in good health
women,in good health
women,in good health
women,in good health
women,in good health
women,in good health
women,in good health
women,in good health
women,in good health
women,in good health
women,in good health
women,in good health
women,in good health
women,in good health
women,in good health
women,in good health
women,in good health
women,in good health
women,in good health
women,in good health
women,in good health
women,in good health
women,in good health
women,in good health
women,in good health
women,in good health
women,in good health
women,in good health
women,in good health
women,in good health
women,in good health
women,in good health
women,in good health
women,in good health
women,in good health
women,in good health
women,in good health
women,in good health
women,in good health
women,in good health
women,in good health
women,in good health
women,in good health
women,in good health
women,in good health
women,in good health
women,in good health
women,in good health
women,in good health
women,in good health
women,in good health
women,in good health
women,in good health
women,in good health
women,in good health
women,in good health
women,in good health
women,in good health
women,in good health
women,in good health
women,in good health
women,in good health
women,in good health
women,in good health
women,in good health
women,in good health
women,in good health
women,in good health
women,in good health
women,in good health
women,in good health
women,in good health
women,in good health
women,in good health
women,in good health
women,in good health
women,in good health
women,in good health
women,in good health
women,in good health
women,in good health
women,in good health
women,in good health
women,in good health
women,in good health
women,in good health
women,in good health
women,in good health
women,in good health
women,in good health
women,in good health
women,in good health
women,in good health
women,in good health
women,in good health
women,in good health
women,in good health
women,in good health
women,in good health
women,in good health
women,in good health
women,in good health
women,in good health
women,in good health
women,in good health
women,in good health
women,in good health
women,in good health
women,in good health
women,in good health
women,in good health
women,in good health
women,in good health
women,in good health
women,in good health
women,in good health
women,in good health
women,in good health
women,in good health
women,in good health
women,in good health
women,in good health
women,in good health
women,in good health
women,in good health
women,in good health
women,in good health
men,in poor health
men,in poor health
men,in poor health
men,in poor health
men,in poor health
men,in poor health
men,in poor health
men,in poor health
men,in poor health
men,in poor health
men,in poor health
men,in poor health
men,in poor health
men,in poor health
men,in poor health
men,in poor health
men,in poor health
men,in poor health
men,in poor health
men,in poor health
men,in poor health
men,in poor health
men,in poor health
men,in poor health
men,in poor health
men,in poor health
men,in poor health
men,in poor health
men,in poor health
men,in poor health
men,in poor health
men,in poor health
men,in poor health
men,in poor health
men,in poor health
men,in poor health
men,in poor health
men,in poor health
men,in poor health
men,in poor health
men,in poor health
men,in poor health
men,in poor health
men,in poor health
men,in poor health
men,in poor health
men,in poor health
men,in poor health
men,in poor health
men,in poor health
men,in poor health
men,in poor health
men,in poor health
men,in poor health
men,in poor health
men,in poor health
men,in poor health
men,in poor health
men,in poor health
men,in poor health
men,in poor health
men,in poor health
men,in poor health
men,in poor health
men,in poor health
men,in poor health
men,in poor health
men,in poor health
men,in poor health
men,in poor health
men,in poor health
men,in poor health
men,in poor health
men,in poor health
men,in poor health
men,in poor health
men,in poor health
men,in poor health
men,in poor health
men,in poor health
men,in poor health
men,in poor health
men,in poor health
men,in poor health
men,in poor health
men,in poor health
men,in poor health
men,in poor health
men,in poor health
men,in poor health
men,in poor health
men,in poor health
men,in poor health
men,in poor health
men,in poor health
men,in poor health
men,in poor health
men,in poor health
men,in poor health
men,in poor health
men,in poor health
men,in poor health
men,in poor health
men,in poor health
men,in poor health
men,in poor health
men,in poor health
men,in poor health
men,in poor health
men,in poor health
men,in poor health
men,in poor health
men,in poor health
women,in poor health
women,in poor health
women,in poor health
women,in poor health
women,in poor health
women,in poor health
women,in poor health
women,in poor health
women,in poor health
women,in poor health
women,in poor health
women,in poor health
women,in poor health
women,in poor health
women,in poor health
women,in poor health
women,in poor health
women,in poor health
women,in poor health
women,in poor health
women,in poor health
women,in poor health
women,in poor health
women,in poor health
women,in poor health
women,in poor health
women,in poor health
women,in poor health
women,in poor health
women,in poor health
women,in poor health
women,in poor health
women,in poor health
women,in poor health
women,in poor health
women,in poor health
women,in poor health
women,in poor health
women,in poor health
women,in poor health
women,in poor health
women,in poor health
women,in poor health
women,in poor health
women,in poor health
women,in poor health
women,in poor health
women,in poor health
women,in poor health
women,in poor health
women,in poor health
women,in poor health
women,in poor health
women,in poor health
women,in poor health
women,in poor health
women,in poor health
women,in poor health
women,in poor health
women,in poor health
women,in poor health
women,in poor health
women,in poor health
women,in poor health
women,in poor health
women,in poor health
women,in poor health
women,in poor health
women,in poor health
women,in poor health
women,in poor health
women,in poor health
women,in poor health
women,in poor health
women,in poor health
women,in poor health
women,in poor health
women,in poor health
women,in poor health
women,in poor health
women,in poor health
women,in poor health
women,in poor health
women,in poor health
women,in poor health
women,in poor health
women,in poor health
women,in poor health
women,in poor health
women,in poor health
women,in poor health
women,in poor health
women,in poor health
women,in poor health
women,in poor health
women,in poor health
women,in poor health
women,in poor health
women,in poor health
women,in poor health
women,in poor health
women,in poor health
women,in poor health
women,in poor health
women,in poor health
women,in poor health
women,in poor health
women,in poor health
women,in poor health
women,in poor health
women,in poor health
women,in poor health
women,in poor health
women,in poor health
women,in poor health
women,in poor health
women,in poor health
women,in poor health
women,in poor health
women,in poor health
women,in poor health
women,in poor health
women,in poor health
women,in poor health
women,in poor health
women,in poor health
women,in poor health
women,in poor health
women,in poor health
women,in poor health
women,in poor health
women,in poor health
women,in poor health
women,in poor health
women,in poor health
women,in poor health
women,in poor health
women,in poor health
women,in poor health
women,in poor health
women,in poor health
women,in poor health
women,in poor health
women,in poor health
women,in poor health
women,in poor health
women,in poor health
women,in poor health
women,in poor health
men,dislike exercise
men,dislike exercise
men,dislike exercise
men,dislike exercise
men,dislike exercise
men,dislike exercise
men,dislike exercise
men,dislike exercise
men,dislike exercise
men,dislike exercise
men,dislike exercise
men,dislike exercise
men,dislike exercise
men,dislike exercise
men,dislike exercise
men,dislike exercise
men,dislike exercise
men,dislike exercise
men,dislike exercise
men,dislike exercise
men,dislike exercise
men,dislike exercise
men,dislike exercise
men,dislike exercise
men,dislike exercise
men,dislike exercise
men,dislike exercise
men,dislike exercise
men,dislike exercise
men,dislike exercise
men,dislike exercise
men,dislike exercise
men,dislike exercise
men,dislike exercise
men,dislike exercise
men,dislike exercise
men,dislike exercise
men,dislike exercise
men,dislike exercise
women,dislike exercise
women,dislike exercise
women,dislike exercise
women,dislike exercise
women,dislike exercise
women,dislike exercise
women,dislike exercise
women,dislike exercise
women,dislike exercise
women,dislike exercise
women,dislike exercise
women,dislike exercise
women,dislike exercise
women,dislike exercise
women,dislike exercise
women,dislike exercise
women,dislike exercise
women,dislike exercise
women,dislike exercise
women,dislike exercise
women,dislike exercise
women,dislike exercise
women,dislike exercise
women,dislike exercise
women,dislike exercise
women,dislike exercise
women,dislike exercise
women,dislike exercise
women,dislike exercise
women,dislike exercise
women,dislike exercise
women,dislike exercise
women,dislike exercise
women,dislike exercise
women,dislike exercise
women,dislike exercise
women,dislike exercise
women,dislike exercise
women,dislike exercise
women,dislike exercise
women,dislike exercise
women,dislike exercise
women,dislike exercise
women,dislike exercise
women,dislike exercise
women,dislike exercise
women,dislike exercise
women,dislike exercise
women,dislike exercise
women,dislike exercise
women,dislike exercise
women,dislike exercise
women,dislike exercise
women,dislike exercise
women,dislike exercise
women,dislike exercise
women,dislike exercise
women,dislike exercise
women,dislike exercise
women,dislike exercise
women,dislike exercise
women,dislike exercise
women,dislike exercise
women,dislike exercise
women,dislike exercise
women,dislike exercise
women,dislike exercise
women,dislike exercise
women,dislike exercise
women,dislike exercise
women,dislike exercise
women,dislike exercise
women,dislike exercise
women,dislike exercise
women,dislike exercise
women,dislike exercise
women,dislike exercise
men,too lazy
men,too lazy
men,too lazy
men,too lazy
men,too lazy
men,too lazy
men,too lazy
men,too lazy
women,too lazy
women,too lazy
women,too lazy
women,too lazy
women,too lazy
women,too lazy
women,too lazy
women,too lazy
women,too lazy
women,too lazy
women,too lazy
women,too lazy
women,too lazy
women,too lazy
women,too lazy
women,too lazy
women,too lazy
women,too lazy
women,too lazy
women,too lazy
women,too lazy
women,too lazy
women,too lazy
women,too lazy
women,too lazy
women,too lazy
women,too lazy
women,too lazy
women,too lazy
women,too lazy
women,too lazy
women,too lazy
women,too lazy
women,too lazy
women,too lazy
women,too lazy
women,too lazy
women,too lazy
women,too lazy
women,too lazy
women,too lazy
women,too lazy
women,too lazy
women,too lazy
women,too lazy
women,too lazy
women,too lazy
women,too lazy
women,too lazy
women,too lazy
women,too lazy
women,too lazy
women,too lazy
women,too lazy
women,too lazy
women,too lazy
women,too lazy
women,too lazy
women,too lazy
women,too lazy
women,too lazy
women,too lazy
men,other
men,other
men,other
men,other
men,other
men,other
men,other
men,other
men,other
men,other
men,other
men,other
men,other
men,other
men,other
men,other
men,other
men,other
men,other
men,other
men,other
men,other
men,other
men,other
men,other
men,other
men,other
men,other
men,other
men,other
men,other
men,other
men,other
men,other
men,other
men,other
men,other
men,other
men,other
men,other
men,other
men,other
men,other
men,other
men,other
men,other
men,other
men,other
men,other
men,other
men,other
men,other
men,other
men,other
men,other
men,other
men,other
men,other
men,other
men,other
men,other
men,other
men,other
men,other
men,other
men,other
men,other
men,other
men,other
men,other
men,other
men,other
men,other
men,other
men,other
men,other
men,other
men,other
men,other
men,other
men,other
men,other
men,other
men,other
men,other
men,other
men,other
men,other
men,other
men,other
women,other
women,other
women,other
women,other
women,other
women,other
women,other
women,other
women,other
women,other
women,other
women,other
women,other
women,other
women,other
women,other
women,other
women,other
women,other
women,other
women,other
women,other
women,other
women,other
women,other
women,other
women,other
women,other
women,other
women,other
women,other
women,other
women,other
women,other
women,other
women,other
women,other
women,other
women,other
women,other
women,other
women,other
women,other
women,other
women,other
women,other
women,other
women,other
women,other
women,other
women,other
women,other
women,other
women,other
women,other
women,other
women,other
women,other
women,other
women,other
women,other
women,other
women,other
women,other
women,other
women,other
women,other
women,other
women,other
women,other
women,other
women,other
women,other
women,other
women,other
women,other
women,other
women,other
women,other
women,other
women,other
women,other
women,other
women,other
women,other
women,other
women,other
women,other
women,other
women,other
women,other
women,other
women,other
women,other
women,other
women,other
women,other
women,other
women,other
women,other
women,other
women,other
women,other
women,other
women,other
women,other
women,other
women,other
women,other
women,other
women,other
women,other
women,other
women,other
women,other
women,other
women,other
women,other
women,other
women,other
women,other
women,other
women,other
women,other
women,other
women,other
women,other
women,other
women,other
women,other
women,other
