recycle,tempgen
Always,Extremely
Always,Extremely
Always,Extremely
Always,Extremely
Always,Extremely
Always,Extremely
Always,Extremely
Always,Extremely
Always,Extremely
Always,Extremely
Always,Extremely
Always,Extremely
Always,Extremely
Always,Extremely
Always,Extremely
Always,Extremely
Always,Extremely
Always,Extremely
Always,Extremely
Always,Extremely
Always,Extremely
Always,Extremely
Always,Extremely
Always,Extremely
Always,Extremely
Always,Extremely
Always,Extremely
Always,Extremely
Always,Extremely
Always,Extremely
Always,Extremely
Always,Extremely
Always,Extremely
Always,Extremely
Always,Extremely
Always,Extremely
Always,Extremely
Always,Extremely
Always,Extremely
Always,Extremely
Always,Extremely
Always,Extremely
Always,Extremely
Always,Extremely
Always,Extremely
Always,Extremely
Always,Extremely
Always,Extremely
Always,Extremely
Always,Extremely
Always,Extremely
Always,Extremely
Always,Extremely
Always,Extremely
Always,Extremely
Always,Extremely
Always,Extremely
Always,Extremely
Always,Extremely
Always,Extremely
Always,Extremely
Always,Extremely
Always,Extremely
Always,Extremely
Always,Extremely
Always,Extremely
Always,Extremely
Always,Extremely
Always,Extremely
Always,Extremely
Always,Extremely
Always,Extremely
Always,Extremely
Always,Extremely
Always,Extremely
Always,Extremely
Always,Extremely
Always,Extremely
Always,Extremely
Always,Extremely
Always,Extremely
Always,Extremely
Always,Extremely
Always,Extremely
Always,Extremely
Always,Extremely
Always,Extremely
Always,Extremely
Always,Extremely
Always,Extremely
Always,Extremely
Always,Extremely
Always,Extremely
Always,Extremely
Always,Extremely
Always,Extremely
Always,Extremely
Always,Extremely
Always,Extremely
Always,Extremely
Always,Extremely
Always,Extremely
Always,Extremely
Always,Extremely
Always,Extremely
Always,Extremely
Always,Extremely
Always,Extremely
Always,Extremely
Always,Extremely
Always,Extremely
Always,Extremely
Always,Extremely
Always,Extremely
Always,Extremely
Always,Extremely
Always,Extremely
Always,Extremely
Always,Extremely
Always,Extremely
Always,Extremely
Always,Extremely
Always,Extremely
Always,Extremely
Always,Extremely
Always,Extremely
Always,Extremely
Always,Extremely
Always,Extremely
Always,Extremely
Always,Extremely
Always,Extremely
Always,Extremely
Always,Extremely
Always,Extremely
Always,Extremely
Always,Extremely
Always,Extremely
Always,Extremely
Always,Extremely
Always,Extremely
Always,Extremely
Always,Extremely
Always,Extremely
Always,Extremely
Always,Extremely
Always,Extremely
Always,Extremely
Always,Extremely
Always,Extremely
Always,Extremely
Always,Extremely
Always,Extremely
Always,Extremely
Always,Extremely
Always,Extremely
Always,Extremely
Always,Extremely
Always,Extremely
Always,Extremely
Always,Extremely
Always,Extremely
Always,Extremely
Always,Extremely
Always,Extremely
Always,Extremely
Always,Extremely
Always,Extremely
Always,Extremely
Always,Extremely
Always,Extremely
Always,Extremely
Always,Extremely
Always,Extremely
Always,Extremely
Always,Extremely
Always,Extremely
Always,Extremely
Always,Extremely
Always,Extremely
Always,Extremely
Always,Extremely
Always,Extremely
Always,Extremely
Always,Extremely
Always,Extremely
Always,Extremely
Always,Extremely
Always,Extremely
Always,Extremely
Always,Extremely
Always,Extremely
Always,Extremely
Always,Extremely
Always,Extremely
Always,Extremely
Always,Extremely
Always,Extremely
Always,Extremely
Always,Extremely
Always,Extremely
Always,Extremely
Always,Extremely
Always,Extremely
Always,Extremely
Always,Extremely
Always,Extremely
Always,Extremely
Always,Extremely
Always,Extremely
Always,Extremely
Always,Extremely
Always,Extremely
Always,Extremely
Always,Extremely
Always,Extremely
Always,Extremely
Always,Extremely
Always,Extremely
Always,Extremely
Always,Extremely
Always,Extremely
Always,Extremely
Always,Extremely
Always,Extremely
Always,Extremely
Always,Extremely
Always,Extremely
Always,Extremely
Always,Extremely
Always,Extremely
Always,Extremely
Always,Extremely
Always,Extremely
Always,Extremely
Always,Extremely
Always,Extremely
Always,Extremely
Always,Extremely
Always,Extremely
Always,Extremely
Always,Extremely
Always,Extremely
Always,Extremely
Always,Extremely
Always,Extremely
Always,Extremely
Always,Extremely
Always,Extremely
Always,Extremely
Always,Extremely
Always,Extremely
Always,Extremely
Always,Extremely
Always,Extremely
Always,Extremely
Always,Extremely
Always,Extremely
Always,Extremely
Always,Extremely
Always,Extremely
Always,Extremely
Always,Extremely
Always,Extremely
Always,Extremely
Always,Extremely
Always,Extremely
Always,Extremely
Always,Extremely
Always,Extremely
Always,Extremely
Always,Extremely
Always,Extremely
Always,Extremely
Always,Extremely
Always,Extremely
Always,Extremely
Always,Extremely
Always,Extremely
Always,Very
Always,Very
Always,Very
Always,Very
Always,Very
Always,Very
Always,Very
Always,Very
Always,Very
Always,Very
Always,Very
Always,Very
Always,Very
Always,Very
Always,Very
Always,Very
Always,Very
Always,Very
Always,Very
Always,Very
Always,Very
Always,Very
Always,Very
Always,Very
Always,Very
Always,Very
Always,Very
Always,Very
Always,Very
Always,Very
Always,Very
Always,Very
Always,Very
Always,Very
Always,Very
Always,Very
Always,Very
Always,Very
Always,Very
Always,Very
Always,Very
Always,Very
Always,Very
Always,Very
Always,Very
Always,Very
Always,Very
Always,Very
Always,Very
Always,Very
Always,Very
Always,Very
Always,Very
Always,Very
Always,Very
Always,Very
Always,Very
Always,Very
Always,Very
Always,Very
Always,Very
Always,Very
Always,Very
Always,Very
Always,Very
Always,Very
Always,Very
Always,Very
Always,Very
Always,Very
Always,Very
Always,Very
Always,Very
Always,Very
Always,Very
Always,Very
Always,Very
Always,Very
Always,Very
Always,Very
Always,Very
Always,Very
Always,Very
Always,Very
Always,Very
Always,Very
Always,Very
Always,Very
Always,Very
Always,Very
Always,Very
Always,Very
Always,Very
Always,Very
Always,Very
Always,Very
Always,Very
Always,Very
Always,Very
Always,Very
Always,Very
Always,Very
Always,Very
Always,Very
Always,Very
Always,Very
Always,Very
Always,Very
Always,Very
Always,Very
Always,Very
Always,Very
Always,Very
Always,Very
Always,Very
Always,Very
Always,Very
Always,Very
Always,Very
Always,Very
Always,Very
Always,Very
Always,Very
Always,Very
Always,Very
Always,Very
Always,Very
Always,Very
Always,Very
Always,Very
Always,Very
Always,Very
Always,Very
Always,Very
Always,Very
Always,Very
Always,Very
Always,Very
Always,Very
Always,Very
Always,Very
Always,Very
Always,Very
Always,Very
Always,Very
Always,Very
Always,Very
Always,Very
Always,Very
Always,Very
Always,Very
Always,Very
Always,Very
Always,Very
Always,Very
Always,Very
Always,Very
Always,Very
Always,Very
Always,Very
Always,Very
Always,Very
Always,Very
Always,Very
Always,Very
Always,Very
Always,Very
Always,Very
Always,Very
Always,Very
Always,Very
Always,Very
Always,Very
Always,Very
Always,Very
Always,Very
Always,Very
Always,Very
Always,Very
Always,Very
Always,Very
Always,Very
Always,Very
Always,Very
Always,Very
Always,Very
Always,Very
Always,Very
Always,Very
Always,Very
Always,Very
Always,Very
Always,Very
Always,Very
Always,Very
Always,Very
Always,Very
Always,Very
Always,Very
Always,Very
Always,Very
Always,Very
Always,Very
Always,Very
Always,Very
Always,Very
Always,Very
Always,Very
Always,Very
Always,Very
Always,Very
Always,Very
Always,Very
Always,Very
Always,Very
Always,Very
Always,Very
Always,Very
Always,Very
Always,Very
Always,Very
Always,Very
Always,Very
Always,Very
Always,Very
Always,Very
Always,Very
Always,Very
Always,Very
Always,Very
Always,Very
Always,Very
Always,Very
Always,Very
Always,Very
Always,Very
Always,Very
Always,Very
Always,Very
Always,Very
Always,Very
Always,Very
Always,Very
Always,Very
Always,Very
Always,Very
Always,Very
Always,Very
Always,Very
Always,Very
Always,Very
Always,Very
Always,Very
Always,Very
Always,Very
Always,Very
Always,Very
Always,Very
Always,Very
Always,Very
Always,Very
Always,Very
Always,Very
Always,Very
Always,Very
Always,Very
Always,Very
Always,Very
Always,Very
Always,Very
Always,Very
Always,Very
Always,Very
Always,Very
Always,Very
Always,Very
Always,Very
Always,Very
Always,Very
Always,Very
Always,Very
Always,Very
Always,Very
Always,Very
Always,Very
Always,Very
Always,Very
Always,Very
Always,Very
Always,Very
Always,Very
Always,Very
Always,Very
Always,Very
Always,Very
Always,Very
Always,Very
Always,Very
Always,Very
Always,Very
Always,Very
Always,Very
Always,Very
Always,Very
Always,Very
Always,Very
Always,Very
Always,Very
Always,Very
Always,Very
Always,Very
Always,Very
Always,Very
Always,Very
Always,Very
Always,Very
Always,Very
Always,Very
Always,Very
Always,Very
Always,Very
Always,Very
Always,Very
Always,Very
Always,Very
Always,Very
Always,Very
Always,Very
Always,Very
Always,Very
Always,Very
Always,Very
Always,Very
Always,Very
Always,Very
Always,Very
Always,Very
Always,Very
Always,Very
Always,Very
Always,Very
Always,Very
Always,Very
Always,Very
Always,Very
Always,Very
Always,Very
Always,Very
Always,Very
Always,Somewhat
Always,Somewhat
Always,Somewhat
Always,Somewhat
Always,Somewhat
Always,Somewhat
Always,Somewhat
Always,Somewhat
Always,Somewhat
Always,Somewhat
Always,Somewhat
Always,Somewhat
Always,Somewhat
Always,Somewhat
Always,Somewhat
Always,Somewhat
Always,Somewhat
Always,Somewhat
Always,Somewhat
Always,Somewhat
Always,Somewhat
Always,Somewhat
Always,Somewhat
Always,Somewhat
Always,Somewhat
Always,Somewhat
Always,Somewhat
Always,Somewhat
Always,Somewhat
Always,Somewhat
Always,Somewhat
Always,Somewhat
Always,Somewhat
Always,Somewhat
Always,Somewhat
Always,Somewhat
Always,Somewhat
Always,Somewhat
Always,Somewhat
Always,Somewhat
Always,Somewhat
Always,Somewhat
Always,Somewhat
Always,Somewhat
Always,Somewhat
Always,Somewhat
Always,Somewhat
Always,Somewhat
Always,Somewhat
Always,Somewhat
Always,Somewhat
Always,Somewhat
Always,Somewhat
Always,Somewhat
Always,Somewhat
Always,Somewhat
Always,Somewhat
Always,Somewhat
Always,Somewhat
Always,Somewhat
Always,Somewhat
Always,Somewhat
Always,Somewhat
Always,Somewhat
Always,Somewhat
Always,Somewhat
Always,Somewhat
Always,Somewhat
Always,Somewhat
Always,Somewhat
Always,Somewhat
Always,Somewhat
Always,Somewhat
Always,Somewhat
Always,Somewhat
Always,Somewhat
Always,Somewhat
Always,Somewhat
Always,Somewhat
Always,Somewhat
Always,Somewhat
Always,Somewhat
Always,Somewhat
Always,Somewhat
Always,Somewhat
Always,Somewhat
Always,Somewhat
Always,Somewhat
Always,Somewhat
Always,Somewhat
Always,Somewhat
Always,Somewhat
Always,Somewhat
Always,Somewhat
Always,Somewhat
Always,Somewhat
Always,Somewhat
Always,Somewhat
Always,Somewhat
Always,Somewhat
Always,Somewhat
Always,Somewhat
Always,Somewhat
Always,Somewhat
Always,Somewhat
Always,Somewhat
Always,Somewhat
Always,Somewhat
Always,Somewhat
Always,Somewhat
Always,Somewhat
Always,Somewhat
Always,Somewhat
Always,Somewhat
Always,Somewhat
Always,Somewhat
Always,Somewhat
Always,Somewhat
Always,Somewhat
Always,Somewhat
Always,Somewhat
Always,Somewhat
Always,Somewhat
Always,Somewhat
Always,Somewhat
Always,Somewhat
Always,Somewhat
Always,Somewhat
Always,Somewhat
Always,Somewhat
Always,Somewhat
Always,Somewhat
Always,Somewhat
Always,Somewhat
Always,Somewhat
Always,Somewhat
Always,Somewhat
Always,Somewhat
Always,Somewhat
Always,Somewhat
Always,Somewhat
Always,Somewhat
Always,Somewhat
Always,Somewhat
Always,Somewhat
Always,Somewhat
Always,Somewhat
Always,Somewhat
Always,Somewhat
Always,Somewhat
Always,Somewhat
Always,Somewhat
Always,Somewhat
Always,Somewhat
Always,Somewhat
Always,Somewhat
Always,Somewhat
Always,Somewhat
Always,Somewhat
Always,Somewhat
Always,Somewhat
Always,Somewhat
Always,Somewhat
Always,Somewhat
Always,Somewhat
Always,Somewhat
Always,Somewhat
Always,Somewhat
Always,Somewhat
Always,Somewhat
Always,Somewhat
Always,Somewhat
Always,Somewhat
Always,Somewhat
Always,Somewhat
Always,Somewhat
Always,Somewhat
Always,Somewhat
Always,Somewhat
Always,Somewhat
Always,Somewhat
Always,Somewhat
Always,Somewhat
Always,Somewhat
Always,Somewhat
Always,Somewhat
Always,Somewhat
Always,Somewhat
Always,Somewhat
Always,Somewhat
Always,Somewhat
Always,Somewhat
Always,Somewhat
Always,Somewhat
Always,Somewhat
Always,Somewhat
Always,Somewhat
Always,Somewhat
Always,Somewhat
Always,Somewhat
Always,Somewhat
Always,Somewhat
Always,Somewhat
Always,Somewhat
Always,Somewhat
Always,Somewhat
Always,Somewhat
Always,Somewhat
Always,Somewhat
Always,Somewhat
Always,Somewhat
Always,Somewhat
Always,Somewhat
Always,Somewhat
Always,Somewhat
Always,Somewhat
Always,Somewhat
Always,Somewhat
Always,Somewhat
Always,Somewhat
Always,Somewhat
Always,Somewhat
Always,Somewhat
Always,Somewhat
Always,Somewhat
Always,Somewhat
Always,Somewhat
Always,Somewhat
Always,Somewhat
Always,Somewhat
Always,Somewhat
Always,Somewhat
Always,Somewhat
Always,Somewhat
Always,Somewhat
Always,Somewhat
Always,Somewhat
Always,Somewhat
Always,Somewhat
Always,Somewhat
Always,Somewhat
Always,Somewhat
Always,Somewhat
Always,Somewhat
Always,Somewhat
Always,Somewhat
Always,Somewhat
Always,Somewhat
Always,Somewhat
Always,Somewhat
Always,Somewhat
Always,Somewhat
Always,Somewhat
Always,Somewhat
Always,Somewhat
Always,Somewhat
Always,Somewhat
Always,Somewhat
Always,Somewhat
Always,Somewhat
Always,Somewhat
Always,Somewhat
Always,Somewhat
Always,Somewhat
Always,Somewhat
Always,Somewhat
Always,Somewhat
Always,Somewhat
Always,Somewhat
Always,Somewhat
Always,Somewhat
Always,Somewhat
Always,Somewhat
Always,Somewhat
Always,Somewhat
Always,Somewhat
Always,Somewhat
Always,Somewhat
Always,Somewhat
Always,Somewhat
Always,Somewhat
Always,Somewhat
Always,Somewhat
Always,Somewhat
Always,Somewhat
Always,Somewhat
Always,Somewhat
Always,Somewhat
Always,Somewhat
Always,Somewhat
Always,Somewhat
Always,Somewhat
Always,Somewhat
Always,Somewhat
Always,Somewhat
Always,Somewhat
Always,Somewhat
Always,Somewhat
Always,Somewhat
Always,Somewhat
Always,Somewhat
Always,Somewhat
Always,Somewhat
Always,Somewhat
Always,Somewhat
Always,Somewhat
Always,Somewhat
Always,Somewhat
Always,Somewhat
Always,Somewhat
Always,Somewhat
Always,Somewhat
Always,Somewhat
Always,Somewhat
Always,Somewhat
Always,Somewhat
Always,Somewhat
Always,Somewhat
Always,Somewhat
Always,Somewhat
Always,Somewhat
Always,Somewhat
Always,Somewhat
Always,Somewhat
Always,Somewhat
Always,Somewhat
Always,Somewhat
Always,Somewhat
Always,Somewhat
Always,Somewhat
Always,Somewhat
Always,Somewhat
Always,Somewhat
Always,Somewhat
Always,Somewhat
Always,Somewhat
Always,Somewhat
Always,Somewhat
Always,Somewhat
Always,Somewhat
Always,Somewhat
Always,Somewhat
Always,Somewhat
Always,Somewhat
Always,Somewhat
Always,Somewhat
Always,Somewhat
Always,Somewhat
Always,Somewhat
Always,Somewhat
Always,Somewhat
Always,Somewhat
Always,Somewhat
Always,Somewhat
Always,Somewhat
Always,Somewhat
Always,Somewhat
Always,Somewhat
Always,Somewhat
Always,Somewhat
Always,Somewhat
Always,Somewhat
Always,Somewhat
Always,Somewhat
Always,Somewhat
Always,Somewhat
Always,Somewhat
Always,Somewhat
Always,Somewhat
Always,Somewhat
Always,Somewhat
Always,Somewhat
Always,Somewhat
Always,Somewhat
Always,Somewhat
Always,Somewhat
Always,Somewhat
Always,Somewhat
Always,Somewhat
Always,Somewhat
Always,Somewhat
Always,Somewhat
Always,Somewhat
Always,Somewhat
Always,Somewhat
Always,Somewhat
Always,Somewhat
Always,Somewhat
Always,Somewhat
Always,Somewhat
Always,Somewhat
Always,Somewhat
Always,Somewhat
Always,Somewhat
Always,Somewhat
Always,Somewhat
Always,Somewhat
Always,Somewhat
Always,Somewhat
Always,Somewhat
Always,Somewhat
Always,Somewhat
Always,Somewhat
Always,Somewhat
Always,Somewhat
Always,Somewhat
Always,Somewhat
Always,Somewhat
Always,Somewhat
Always,Somewhat
Always,Somewhat
Always,Somewhat
Always,Somewhat
Always,Somewhat
Always,Somewhat
Always,Somewhat
Always,Somewhat
Always,Somewhat
Always,Somewhat
Always,Somewhat
Always,Somewhat
Always,Somewhat
Always,Somewhat
Always,Somewhat
Always,Somewhat
Always,Somewhat
Always,Somewhat
Always,Somewhat
Always,Somewhat
Always,Somewhat
Always,Somewhat
Always,Somewhat
Always,Somewhat
Always,Somewhat
Always,Somewhat
Always,Somewhat
Always,Somewhat
Always,Somewhat
Always,Somewhat
Always,Somewhat
Always,Somewhat
Always,Somewhat
Always,Somewhat
Always,Somewhat
Always,Somewhat
Always,Somewhat
Always,Somewhat
Always,Somewhat
Always,Somewhat
Always,Somewhat
Always,Somewhat
Always,Somewhat
Always,Somewhat
Always,Somewhat
Always,Somewhat
Always,Somewhat
Always,Somewhat
Always,Somewhat
Always,Somewhat
Always,Somewhat
Always,Somewhat
Always,Somewhat
Always,Somewhat
Always,Somewhat
Always,Somewhat
Always,Somewhat
Always,Somewhat
Always,Somewhat
Always,Somewhat
Always,Somewhat
Always,Somewhat
Always,Somewhat
Always,Somewhat
Always,Somewhat
Always,Somewhat
Always,Somewhat
Always,Somewhat
Always,Somewhat
Always,Somewhat
Always,Somewhat
Always,Somewhat
Always,Somewhat
Always,Somewhat
Always,Somewhat
Always,Somewhat
Always,Somewhat
Always,Somewhat
Always,Somewhat
Always,Somewhat
Always,Somewhat
Always,Somewhat
Always,Somewhat
Always,Not Very
Always,Not Very
Always,Not Very
Always,Not Very
Always,Not Very
Always,Not Very
Always,Not Very
Always,Not Very
Always,Not Very
Always,Not Very
Always,Not Very
Always,Not Very
Always,Not Very
Always,Not Very
Always,Not Very
Always,Not Very
Always,Not Very
Always,Not Very
Always,Not Very
Always,Not Very
Always,Not Very
Always,Not Very
Always,Not Very
Always,Not Very
Always,Not Very
Always,Not Very
Always,Not Very
Always,Not Very
Always,Not Very
Always,Not Very
Always,Not Very
Always,Not Very
Always,Not Very
Always,Not Very
Always,Not Very
Always,Not Very
Always,Not Very
Always,Not Very
Always,Not Very
Always,Not Very
Always,Not Very
Always,Not Very
Always,Not Very
Always,Not Very
Always,Not Very
Always,Not Very
Always,Not Very
Always,Not Very
Always,Not Very
Always,Not Very
Always,Not Very
Always,Not Very
Always,Not Very
Always,Not Very
Always,Not Very
Always,Not Very
Always,Not Very
Always,Not Very
Always,Not Very
Always,Not Very
Always,Not Very
Always,Not Very
Always,Not Very
Always,Not Very
Always,Not Very
Always,Not Very
Always,Not Very
Always,Not Very
Always,Not Very
Always,Not Very
Always,Not Very
Always,Not Very
Always,Not Very
Always,Not Very
Always,Not Very
Always,Not Very
Always,Not Very
Always,Not Very
Always,Not Very
Always,Not Very
Always,Not Very
Always,Not Very
Always,Not Very
Always,Not Very
Always,Not Very
Always,Not Very
Always,Not Very
Always,Not Very
Always,Not Very
Always,Not Very
Always,Not Very
Always,Not Very
Always,Not Very
Always,Not Very
Always,Not Very
Always,Not Very
Always,Not Very
Always,Not Very
Always,Not Very
Always,Not Very
Always,Not Very
Always,Not Very
Always,Not Very
Always,Not Very
Always,Not Very
Always,Not Very
Always,Not Very
Always,Not Very
Always,Not Very
Always,Not Very
Always,Not Very
Always,Not Very
Always,Not Very
Always,Not Very
Always,Not Very
Always,Not Very
Always,Not Very
Always,Not Very
Always,Not Very
Always,Not Very
Always,Not Very
Always,Not Very
Always,Not Very
Always,Not Very
Always,Not Very
Always,Not Very
Always,Not Very
Always,Not Very
Always,Not Very
Always,Not Very
Always,Not Very
Always,Not Very
Always,Not Very
Always,Not Very
Always,Not Very
Always,Not Very
Always,Not Very
Always,Not Very
Always,Not Very
Always,Not Very
Always,Not Very
Always,Not Very
Always,Not Very
Always,Not Very
Always,Not Very
Always,Not Very
Always,Not Very
Always,Not
Always,Not
Always,Not
Always,Not
Always,Not
Always,Not
Always,Not
Always,Not
Always,Not
Always,Not
Always,Not
Always,Not
Always,Not
Always,Not
Always,Not
Always,Not
Always,Not
Always,Not
Always,Not
Always,Not
Always,Not
Always,Not
Often,Extremely
Often,Extremely
Often,Extremely
Often,Extremely
Often,Extremely
Often,Extremely
Often,Extremely
Often,Extremely
Often,Extremely
Often,Extremely
Often,Extremely
Often,Extremely
Often,Extremely
Often,Extremely
Often,Extremely
Often,Extremely
Often,Extremely
Often,Extremely
Often,Extremely
Often,Extremely
Often,Extremely
Often,Extremely
Often,Extremely
Often,Extremely
Often,Extremely
Often,Extremely
Often,Extremely
Often,Extremely
Often,Extremely
Often,Extremely
Often,Extremely
Often,Extremely
Often,Extremely
Often,Extremely
Often,Extremely
Often,Extremely
Often,Extremely
Often,Extremely
Often,Extremely
Often,Extremely
Often,Extremely
Often,Extremely
Often,Extremely
Often,Extremely
Often,Extremely
Often,Extremely
Often,Extremely
Often,Extremely
Often,Extremely
Often,Extremely
Often,Extremely
Often,Extremely
Often,Extremely
Often,Extremely
Often,Extremely
Often,Extremely
Often,Extremely
Often,Extremely
Often,Extremely
Often,Extremely
Often,Extremely
Often,Extremely
Often,Extremely
Often,Extremely
Often,Extremely
Often,Extremely
Often,Extremely
Often,Extremely
Often,Extremely
Often,Extremely
Often,Extremely
Often,Extremely
Often,Extremely
Often,Extremely
Often,Extremely
Often,Extremely
Often,Extremely
Often,Extremely
Often,Extremely
Often,Extremely
Often,Extremely
Often,Extremely
Often,Extremely
Often,Extremely
Often,Extremely
Often,Extremely
Often,Extremely
Often,Extremely
Often,Extremely
Often,Extremely
Often,Extremely
Often,Extremely
Often,Extremely
Often,Extremely
Often,Extremely
Often,Extremely
Often,Extremely
Often,Extremely
Often,Extremely
Often,Extremely
Often,Extremely
Often,Extremely
Often,Extremely
Often,Extremely
Often,Extremely
Often,Extremely
Often,Extremely
Often,Extremely
Often,Extremely
Often,Extremely
Often,Extremely
Often,Extremely
Often,Extremely
Often,Extremely
Often,Extremely
Often,Extremely
Often,Extremely
Often,Extremely
Often,Extremely
Often,Extremely
Often,Extremely
Often,Extremely
Often,Extremely
Often,Extremely
Often,Extremely
Often,Extremely
Often,Extremely
Often,Extremely
Often,Extremely
Often,Extremely
Often,Extremely
Often,Extremely
Often,Extremely
Often,Extremely
Often,Extremely
Often,Extremely
Often,Extremely
Often,Extremely
Often,Extremely
Often,Extremely
Often,Extremely
Often,Extremely
Often,Extremely
Often,Extremely
Often,Extremely
Often,Very
Often,Very
Often,Very
Often,Very
Often,Very
Often,Very
Often,Very
Often,Very
Often,Very
Often,Very
Often,Very
Often,Very
Often,Very
Often,Very
Often,Very
Often,Very
Often,Very
Often,Very
Often,Very
Often,Very
Often,Very
Often,Very
Often,Very
Often,Very
Often,Very
Often,Very
Often,Very
Often,Very
Often,Very
Often,Very
Often,Very
Often,Very
Often,Very
Often,Very
Often,Very
Often,Very
Often,Very
Often,Very
Often,Very
Often,Very
Often,Very
Often,Very
Often,Very
Often,Very
Often,Very
Often,Very
Often,Very
Often,Very
Often,Very
Often,Very
Often,Very
Often,Very
Often,Very
Often,Very
Often,Very
Often,Very
Often,Very
Often,Very
Often,Very
Often,Very
Often,Very
Often,Very
Often,Very
Often,Very
Often,Very
Often,Very
Often,Very
Often,Very
Often,Very
Often,Very
Often,Very
Often,Very
Often,Very
Often,Very
Often,Very
Often,Very
Often,Very
Often,Very
Often,Very
Often,Very
Often,Very
Often,Very
Often,Very
Often,Very
Often,Very
Often,Very
Often,Very
Often,Very
Often,Very
Often,Very
Often,Very
Often,Very
Often,Very
Often,Very
Often,Very
Often,Very
Often,Very
Often,Very
Often,Very
Often,Very
Often,Very
Often,Very
Often,Very
Often,Very
Often,Very
Often,Very
Often,Very
Often,Very
Often,Very
Often,Very
Often,Very
Often,Very
Often,Very
Often,Very
Often,Very
Often,Very
Often,Very
Often,Very
Often,Very
Often,Very
Often,Very
Often,Very
Often,Very
Often,Very
Often,Very
Often,Very
Often,Very
Often,Very
Often,Very
Often,Very
Often,Very
Often,Very
Often,Very
Often,Very
Often,Very
Often,Very
Often,Very
Often,Very
Often,Very
Often,Very
Often,Very
Often,Very
Often,Very
Often,Very
Often,Very
Often,Very
Often,Very
Often,Very
Often,Very
Often,Very
Often,Very
Often,Very
Often,Very
Often,Very
Often,Very
Often,Very
Often,Very
Often,Very
Often,Very
Often,Very
Often,Very
Often,Very
Often,Very
Often,Very
Often,Very
Often,Very
Often,Very
Often,Very
Often,Very
Often,Very
Often,Very
Often,Very
Often,Very
Often,Very
Often,Very
Often,Very
Often,Very
Often,Very
Often,Very
Often,Very
Often,Very
Often,Very
Often,Very
Often,Very
Often,Very
Often,Very
Often,Very
Often,Very
Often,Very
Often,Very
Often,Very
Often,Very
Often,Very
Often,Very
Often,Very
Often,Very
Often,Very
Often,Very
Often,Very
Often,Very
Often,Very
Often,Very
Often,Very
Often,Very
Often,Very
Often,Very
Often,Very
Often,Very
Often,Very
Often,Very
Often,Very
Often,Very
Often,Very
Often,Very
Often,Very
Often,Very
Often,Very
Often,Very
Often,Very
Often,Very
Often,Very
Often,Very
Often,Very
Often,Very
Often,Very
Often,Very
Often,Very
Often,Very
Often,Very
Often,Very
Often,Very
Often,Very
Often,Very
Often,Very
Often,Very
Often,Very
Often,Somewhat
Often,Somewhat
Often,Somewhat
Often,Somewhat
Often,Somewhat
Often,Somewhat
Often,Somewhat
Often,Somewhat
Often,Somewhat
Often,Somewhat
Often,Somewhat
Often,Somewhat
Often,Somewhat
Often,Somewhat
Often,Somewhat
Often,Somewhat
Often,Somewhat
Often,Somewhat
Often,Somewhat
Often,Somewhat
Often,Somewhat
Often,Somewhat
Often,Somewhat
Often,Somewhat
Often,Somewhat
Often,Somewhat
Often,Somewhat
Often,Somewhat
Often,Somewhat
Often,Somewhat
Often,Somewhat
Often,Somewhat
Often,Somewhat
Often,Somewhat
Often,Somewhat
Often,Somewhat
Often,Somewhat
Often,Somewhat
Often,Somewhat
Often,Somewhat
Often,Somewhat
Often,Somewhat
Often,Somewhat
Often,Somewhat
Often,Somewhat
Often,Somewhat
Often,Somewhat
Often,Somewhat
Often,Somewhat
Often,Somewhat
Often,Somewhat
Often,Somewhat
Often,Somewhat
Often,Somewhat
Often,Somewhat
Often,Somewhat
Often,Somewhat
Often,Somewhat
Often,Somewhat
Often,Somewhat
Often,Somewhat
Often,Somewhat
Often,Somewhat
Often,Somewhat
Often,Somewhat
Often,Somewhat
Often,Somewhat
Often,Somewhat
Often,Somewhat
Often,Somewhat
Often,Somewhat
Often,Somewhat
Often,Somewhat
Often,Somewhat
Often,Somewhat
Often,Somewhat
Often,Somewhat
Often,Somewhat
Often,Somewhat
Often,Somewhat
Often,Somewhat
Often,Somewhat
Often,Somewhat
Often,Somewhat
Often,Somewhat
Often,Somewhat
Often,Somewhat
Often,Somewhat
Often,Somewhat
Often,Somewhat
Often,Somewhat
Often,Somewhat
Often,Somewhat
Often,Somewhat
Often,Somewhat
Often,Somewhat
Often,Somewhat
Often,Somewhat
Often,Somewhat
Often,Somewhat
Often,Somewhat
Often,Somewhat
Often,Somewhat
Often,Somewhat
Often,Somewhat
Often,Somewhat
Often,Somewhat
Often,Somewhat
Often,Somewhat
Often,Somewhat
Often,Somewhat
Often,Somewhat
Often,Somewhat
Often,Somewhat
Often,Somewhat
Often,Somewhat
Often,Somewhat
Often,Somewhat
Often,Somewhat
Often,Somewhat
Often,Somewhat
Often,Somewhat
Often,Somewhat
Often,Somewhat
Often,Somewhat
Often,Somewhat
Often,Somewhat
Often,Somewhat
Often,Somewhat
Often,Somewhat
Often,Somewhat
Often,Somewhat
Often,Somewhat
Often,Somewhat
Often,Somewhat
Often,Somewhat
Often,Somewhat
Often,Somewhat
Often,Somewhat
Often,Somewhat
Often,Somewhat
Often,Somewhat
Often,Somewhat
Often,Somewhat
Often,Somewhat
Often,Somewhat
Often,Somewhat
Often,Somewhat
Often,Somewhat
Often,Somewhat
Often,Somewhat
Often,Somewhat
Often,Somewhat
Often,Somewhat
Often,Somewhat
Often,Somewhat
Often,Somewhat
Often,Somewhat
Often,Somewhat
Often,Somewhat
Often,Somewhat
Often,Somewhat
Often,Somewhat
Often,Somewhat
Often,Somewhat
Often,Somewhat
Often,Somewhat
Often,Somewhat
Often,Somewhat
Often,Somewhat
Often,Somewhat
Often,Somewhat
Often,Somewhat
Often,Somewhat
Often,Somewhat
Often,Somewhat
Often,Somewhat
Often,Somewhat
Often,Somewhat
Often,Somewhat
Often,Somewhat
Often,Somewhat
Often,Somewhat
Often,Somewhat
Often,Somewhat
Often,Somewhat
Often,Somewhat
Often,Somewhat
Often,Somewhat
Often,Somewhat
Often,Somewhat
Often,Somewhat
Often,Somewhat
Often,Somewhat
Often,Somewhat
Often,Somewhat
Often,Somewhat
Often,Somewhat
Often,Somewhat
Often,Somewhat
Often,Somewhat
Often,Somewhat
Often,Somewhat
Often,Somewhat
Often,Somewhat
Often,Somewhat
Often,Somewhat
Often,Somewhat
Often,Somewhat
Often,Somewhat
Often,Somewhat
Often,Somewhat
Often,Somewhat
Often,Somewhat
Often,Somewhat
Often,Somewhat
Often,Somewhat
Often,Somewhat
Often,Somewhat
Often,Somewhat
Often,Somewhat
Often,Somewhat
Often,Somewhat
Often,Somewhat
Often,Somewhat
Often,Somewhat
Often,Somewhat
Often,Somewhat
Often,Somewhat
Often,Somewhat
Often,Somewhat
Often,Somewhat
Often,Somewhat
Often,Somewhat
Often,Somewhat
Often,Somewhat
Often,Somewhat
Often,Somewhat
Often,Somewhat
Often,Somewhat
Often,Somewhat
Often,Somewhat
Often,Somewhat
Often,Somewhat
Often,Somewhat
Often,Somewhat
Often,Somewhat
Often,Somewhat
Often,Somewhat
Often,Somewhat
Often,Somewhat
Often,Somewhat
Often,Somewhat
Often,Somewhat
Often,Somewhat
Often,Somewhat
Often,Somewhat
Often,Somewhat
Often,Somewhat
Often,Somewhat
Often,Somewhat
Often,Somewhat
Often,Somewhat
Often,Somewhat
Often,Somewhat
Often,Somewhat
Often,Somewhat
Often,Somewhat
Often,Somewhat
Often,Somewhat
Often,Somewhat
Often,Somewhat
Often,Somewhat
Often,Somewhat
Often,Somewhat
Often,Somewhat
Often,Somewhat
Often,Somewhat
Often,Somewhat
Often,Somewhat
Often,Somewhat
Often,Somewhat
Often,Somewhat
Often,Somewhat
Often,Somewhat
Often,Somewhat
Often,Somewhat
Often,Somewhat
Often,Somewhat
Often,Somewhat
Often,Somewhat
Often,Somewhat
Often,Somewhat
Often,Somewhat
Often,Somewhat
Often,Somewhat
Often,Somewhat
Often,Somewhat
Often,Somewhat
Often,Somewhat
Often,Somewhat
Often,Somewhat
Often,Somewhat
Often,Somewhat
Often,Somewhat
Often,Somewhat
Often,Somewhat
Often,Somewhat
Often,Somewhat
Often,Somewhat
Often,Somewhat
Often,Somewhat
Often,Somewhat
Often,Somewhat
Often,Somewhat
Often,Somewhat
Often,Somewhat
Often,Somewhat
Often,Somewhat
Often,Somewhat
Often,Somewhat
Often,Somewhat
Often,Somewhat
Often,Somewhat
Often,Somewhat
Often,Somewhat
Often,Somewhat
Often,Somewhat
Often,Somewhat
Often,Somewhat
Often,Somewhat
Often,Somewhat
Often,Somewhat
Often,Not Very
Often,Not Very
Often,Not Very
Often,Not Very
Often,Not Very
Often,Not Very
Often,Not Very
Often,Not Very
Often,Not Very
Often,Not Very
Often,Not Very
Often,Not Very
Often,Not Very
Often,Not Very
Often,Not Very
Often,Not Very
Often,Not Very
Often,Not Very
Often,Not Very
Often,Not Very
Often,Not Very
Often,Not Very
Often,Not Very
Often,Not Very
Often,Not Very
Often,Not Very
Often,Not Very
Often,Not Very
Often,Not Very
Often,Not Very
Often,Not Very
Often,Not Very
Often,Not Very
Often,Not Very
Often,Not Very
Often,Not Very
Often,Not Very
Often,Not Very
Often,Not Very
Often,Not Very
Often,Not Very
Often,Not Very
Often,Not Very
Often,Not Very
Often,Not Very
Often,Not Very
Often,Not Very
Often,Not Very
Often,Not Very
Often,Not Very
Often,Not Very
Often,Not Very
Often,Not Very
Often,Not Very
Often,Not Very
Often,Not Very
Often,Not Very
Often,Not Very
Often,Not Very
Often,Not Very
Often,Not Very
Often,Not Very
Often,Not Very
Often,Not Very
Often,Not Very
Often,Not Very
Often,Not Very
Often,Not Very
Often,Not Very
Often,Not Very
Often,Not Very
Often,Not Very
Often,Not Very
Often,Not Very
Often,Not Very
Often,Not Very
Often,Not Very
Often,Not Very
Often,Not Very
Often,Not Very
Often,Not Very
Often,Not Very
Often,Not Very
Often,Not Very
Often,Not Very
Often,Not Very
Often,Not Very
Often,Not Very
Often,Not Very
Often,Not Very
Often,Not Very
Often,Not Very
Often,Not Very
Often,Not Very
Often,Not Very
Often,Not Very
Often,Not Very
Often,Not Very
Often,Not Very
Often,Not Very
Often,Not Very
Often,Not Very
Often,Not Very
Often,Not Very
Often,Not Very
Often,Not Very
Often,Not Very
Often,Not Very
Often,Not Very
Often,Not Very
Often,Not Very
Often,Not Very
Often,Not Very
Often,Not Very
Often,Not Very
Often,Not
Often,Not
Often,Not
Often,Not
Often,Not
Often,Not
Often,Not
Often,Not
Often,Not
Often,Not
Often,Not
Often,Not
Often,Not
Often,Not
Often,Not
Often,Not
Often,Not
Often,Not
Often,Not
Often,Not
Often,Not
Sometimes,Extremely
Sometimes,Extremely
Sometimes,Extremely
Sometimes,Extremely
Sometimes,Extremely
Sometimes,Extremely
Sometimes,Extremely
Sometimes,Extremely
Sometimes,Extremely
Sometimes,Extremely
Sometimes,Extremely
Sometimes,Extremely
Sometimes,Extremely
Sometimes,Extremely
Sometimes,Extremely
Sometimes,Extremely
Sometimes,Extremely
Sometimes,Extremely
Sometimes,Extremely
Sometimes,Extremely
Sometimes,Extremely
Sometimes,Extremely
Sometimes,Extremely
Sometimes,Extremely
Sometimes,Extremely
Sometimes,Extremely
Sometimes,Extremely
Sometimes,Extremely
Sometimes,Extremely
Sometimes,Extremely
Sometimes,Extremely
Sometimes,Extremely
Sometimes,Extremely
Sometimes,Extremely
Sometimes,Extremely
Sometimes,Extremely
Sometimes,Extremely
Sometimes,Extremely
Sometimes,Extremely
Sometimes,Extremely
Sometimes,Extremely
Sometimes,Extremely
Sometimes,Extremely
Sometimes,Extremely
Sometimes,Extremely
Sometimes,Extremely
Sometimes,Extremely
Sometimes,Extremely
Sometimes,Extremely
Sometimes,Extremely
Sometimes,Extremely
Sometimes,Extremely
Sometimes,Extremely
Sometimes,Extremely
Sometimes,Extremely
Sometimes,Extremely
Sometimes,Extremely
Sometimes,Extremely
Sometimes,Extremely
Sometimes,Extremely
Sometimes,Extremely
Sometimes,Extremely
Sometimes,Extremely
Sometimes,Extremely
Sometimes,Extremely
Sometimes,Extremely
Sometimes,Extremely
Sometimes,Extremely
Sometimes,Extremely
Sometimes,Extremely
Sometimes,Extremely
Sometimes,Extremely
Sometimes,Extremely
Sometimes,Extremely
Sometimes,Extremely
Sometimes,Extremely
Sometimes,Extremely
Sometimes,Extremely
Sometimes,Extremely
Sometimes,Extremely
Sometimes,Extremely
Sometimes,Extremely
Sometimes,Extremely
Sometimes,Extremely
Sometimes,Extremely
Sometimes,Extremely
Sometimes,Extremely
Sometimes,Extremely
Sometimes,Extremely
Sometimes,Extremely
Sometimes,Extremely
Sometimes,Extremely
Sometimes,Extremely
Sometimes,Extremely
Sometimes,Extremely
Sometimes,Extremely
Sometimes,Extremely
Sometimes,Extremely
Sometimes,Extremely
Sometimes,Extremely
Sometimes,Extremely
Sometimes,Extremely
Sometimes,Extremely
Sometimes,Extremely
Sometimes,Extremely
Sometimes,Extremely
Sometimes,Extremely
Sometimes,Extremely
Sometimes,Extremely
Sometimes,Extremely
Sometimes,Extremely
Sometimes,Extremely
Sometimes,Extremely
Sometimes,Extremely
Sometimes,Extremely
Sometimes,Extremely
Sometimes,Extremely
Sometimes,Extremely
Sometimes,Extremely
Sometimes,Extremely
Sometimes,Extremely
Sometimes,Extremely
Sometimes,Extremely
Sometimes,Very
Sometimes,Very
Sometimes,Very
Sometimes,Very
Sometimes,Very
Sometimes,Very
Sometimes,Very
Sometimes,Very
Sometimes,Very
Sometimes,Very
Sometimes,Very
Sometimes,Very
Sometimes,Very
Sometimes,Very
Sometimes,Very
Sometimes,Very
Sometimes,Very
Sometimes,Very
Sometimes,Very
Sometimes,Very
Sometimes,Very
Sometimes,Very
Sometimes,Very
Sometimes,Very
Sometimes,Very
Sometimes,Very
Sometimes,Very
Sometimes,Very
Sometimes,Very
Sometimes,Very
Sometimes,Very
Sometimes,Very
Sometimes,Very
Sometimes,Very
Sometimes,Very
Sometimes,Very
Sometimes,Very
Sometimes,Very
Sometimes,Very
Sometimes,Very
Sometimes,Very
Sometimes,Very
Sometimes,Very
Sometimes,Very
Sometimes,Very
Sometimes,Very
Sometimes,Very
Sometimes,Very
Sometimes,Very
Sometimes,Very
Sometimes,Very
Sometimes,Very
Sometimes,Very
Sometimes,Very
Sometimes,Very
Sometimes,Very
Sometimes,Very
Sometimes,Very
Sometimes,Very
Sometimes,Very
Sometimes,Very
Sometimes,Very
Sometimes,Very
Sometimes,Very
Sometimes,Very
Sometimes,Very
Sometimes,Very
Sometimes,Very
Sometimes,Very
Sometimes,Very
Sometimes,Very
Sometimes,Very
Sometimes,Very
Sometimes,Very
Sometimes,Very
Sometimes,Very
Sometimes,Very
Sometimes,Very
Sometimes,Very
Sometimes,Very
Sometimes,Very
Sometimes,Very
Sometimes,Very
Sometimes,Very
Sometimes,Very
Sometimes,Very
Sometimes,Very
Sometimes,Very
Sometimes,Very
Sometimes,Very
Sometimes,Very
Sometimes,Very
Sometimes,Very
Sometimes,Very
Sometimes,Very
Sometimes,Very
Sometimes,Very
Sometimes,Very
Sometimes,Very
Sometimes,Very
Sometimes,Very
Sometimes,Very
Sometimes,Very
Sometimes,Very
Sometimes,Very
Sometimes,Very
Sometimes,Very
Sometimes,Very
Sometimes,Very
Sometimes,Very
Sometimes,Very
Sometimes,Very
Sometimes,Very
Sometimes,Very
Sometimes,Very
Sometimes,Very
Sometimes,Very
Sometimes,Very
Sometimes,Very
Sometimes,Very
Sometimes,Very
Sometimes,Very
Sometimes,Very
Sometimes,Very
Sometimes,Very
Sometimes,Very
Sometimes,Very
Sometimes,Very
Sometimes,Very
Sometimes,Very
Sometimes,Very
Sometimes,Very
Sometimes,Very
Sometimes,Very
Sometimes,Very
Sometimes,Very
Sometimes,Very
Sometimes,Very
Sometimes,Very
Sometimes,Very
Sometimes,Very
Sometimes,Very
Sometimes,Very
Sometimes,Very
Sometimes,Very
Sometimes,Very
Sometimes,Very
Sometimes,Very
Sometimes,Very
Sometimes,Very
Sometimes,Very
Sometimes,Very
Sometimes,Very
Sometimes,Very
Sometimes,Very
Sometimes,Very
Sometimes,Very
Sometimes,Very
Sometimes,Very
Sometimes,Very
Sometimes,Very
Sometimes,Very
Sometimes,Very
Sometimes,Very
Sometimes,Very
Sometimes,Very
Sometimes,Very
Sometimes,Very
Sometimes,Very
Sometimes,Very
Sometimes,Very
Sometimes,Very
Sometimes,Very
Sometimes,Very
Sometimes,Very
Sometimes,Very
Sometimes,Very
Sometimes,Very
Sometimes,Very
Sometimes,Very
Sometimes,Very
Sometimes,Very
Sometimes,Very
Sometimes,Very
Sometimes,Very
Sometimes,Very
Sometimes,Very
Sometimes,Very
Sometimes,Very
Sometimes,Very
Sometimes,Very
Sometimes,Very
Sometimes,Very
Sometimes,Very
Sometimes,Very
Sometimes,Very
Sometimes,Very
Sometimes,Very
Sometimes,Very
Sometimes,Very
Sometimes,Very
Sometimes,Very
Sometimes,Very
Sometimes,Very
Sometimes,Very
Sometimes,Very
Sometimes,Very
Sometimes,Very
Sometimes,Very
Sometimes,Very
Sometimes,Very
Sometimes,Very
Sometimes,Very
Sometimes,Very
Sometimes,Very
Sometimes,Very
Sometimes,Very
Sometimes,Very
Sometimes,Very
Sometimes,Very
Sometimes,Very
Sometimes,Very
Sometimes,Very
Sometimes,Very
Sometimes,Very
Sometimes,Very
Sometimes,Very
Sometimes,Very
Sometimes,Somewhat
Sometimes,Somewhat
Sometimes,Somewhat
Sometimes,Somewhat
Sometimes,Somewhat
Sometimes,Somewhat
Sometimes,Somewhat
Sometimes,Somewhat
Sometimes,Somewhat
Sometimes,Somewhat
Sometimes,Somewhat
Sometimes,Somewhat
Sometimes,Somewhat
Sometimes,Somewhat
Sometimes,Somewhat
Sometimes,Somewhat
Sometimes,Somewhat
Sometimes,Somewhat
Sometimes,Somewhat
Sometimes,Somewhat
Sometimes,Somewhat
Sometimes,Somewhat
Sometimes,Somewhat
Sometimes,Somewhat
Sometimes,Somewhat
Sometimes,Somewhat
Sometimes,Somewhat
Sometimes,Somewhat
Sometimes,Somewhat
Sometimes,Somewhat
Sometimes,Somewhat
Sometimes,Somewhat
Sometimes,Somewhat
Sometimes,Somewhat
Sometimes,Somewhat
Sometimes,Somewhat
Sometimes,Somewhat
Sometimes,Somewhat
Sometimes,Somewhat
Sometimes,Somewhat
Sometimes,Somewhat
Sometimes,Somewhat
Sometimes,Somewhat
Sometimes,Somewhat
Sometimes,Somewhat
Sometimes,Somewhat
Sometimes,Somewhat
Sometimes,Somewhat
Sometimes,Somewhat
Sometimes,Somewhat
Sometimes,Somewhat
Sometimes,Somewhat
Sometimes,Somewhat
Sometimes,Somewhat
Sometimes,Somewhat
Sometimes,Somewhat
Sometimes,Somewhat
Sometimes,Somewhat
Sometimes,Somewhat
Sometimes,Somewhat
Sometimes,Somewhat
Sometimes,Somewhat
Sometimes,Somewhat
Sometimes,Somewhat
Sometimes,Somewhat
Sometimes,Somewhat
Sometimes,Somewhat
Sometimes,Somewhat
Sometimes,Somewhat
Sometimes,Somewhat
Sometimes,Somewhat
Sometimes,Somewhat
Sometimes,Somewhat
Sometimes,Somewhat
Sometimes,Somewhat
Sometimes,Somewhat
Sometimes,Somewhat
Sometimes,Somewhat
Sometimes,Somewhat
Sometimes,Somewhat
Sometimes,Somewhat
Sometimes,Somewhat
Sometimes,Somewhat
Sometimes,Somewhat
Sometimes,Somewhat
Sometimes,Somewhat
Sometimes,Somewhat
Sometimes,Somewhat
Sometimes,Somewhat
Sometimes,Somewhat
Sometimes,Somewhat
Sometimes,Somewhat
Sometimes,Somewhat
Sometimes,Somewhat
Sometimes,Somewhat
Sometimes,Somewhat
Sometimes,Somewhat
Sometimes,Somewhat
Sometimes,Somewhat
Sometimes,Somewhat
Sometimes,Somewhat
Sometimes,Somewhat
Sometimes,Somewhat
Sometimes,Somewhat
Sometimes,Somewhat
Sometimes,Somewhat
Sometimes,Somewhat
Sometimes,Somewhat
Sometimes,Somewhat
Sometimes,Somewhat
Sometimes,Somewhat
Sometimes,Somewhat
Sometimes,Somewhat
Sometimes,Somewhat
Sometimes,Somewhat
Sometimes,Somewhat
Sometimes,Somewhat
Sometimes,Somewhat
Sometimes,Somewhat
Sometimes,Somewhat
Sometimes,Somewhat
Sometimes,Somewhat
Sometimes,Somewhat
Sometimes,Somewhat
Sometimes,Somewhat
Sometimes,Somewhat
Sometimes,Somewhat
Sometimes,Somewhat
Sometimes,Somewhat
Sometimes,Somewhat
Sometimes,Somewhat
Sometimes,Somewhat
Sometimes,Somewhat
Sometimes,Somewhat
Sometimes,Somewhat
Sometimes,Somewhat
Sometimes,Somewhat
Sometimes,Somewhat
Sometimes,Somewhat
Sometimes,Somewhat
Sometimes,Somewhat
Sometimes,Somewhat
Sometimes,Somewhat
Sometimes,Somewhat
Sometimes,Somewhat
Sometimes,Somewhat
Sometimes,Somewhat
Sometimes,Somewhat
Sometimes,Somewhat
Sometimes,Somewhat
Sometimes,Somewhat
Sometimes,Somewhat
Sometimes,Somewhat
Sometimes,Somewhat
Sometimes,Somewhat
Sometimes,Somewhat
Sometimes,Somewhat
Sometimes,Somewhat
Sometimes,Somewhat
Sometimes,Somewhat
Sometimes,Somewhat
Sometimes,Somewhat
Sometimes,Somewhat
Sometimes,Somewhat
Sometimes,Somewhat
Sometimes,Somewhat
Sometimes,Somewhat
Sometimes,Somewhat
Sometimes,Somewhat
Sometimes,Somewhat
Sometimes,Somewhat
Sometimes,Somewhat
Sometimes,Somewhat
Sometimes,Somewhat
Sometimes,Somewhat
Sometimes,Somewhat
Sometimes,Somewhat
Sometimes,Somewhat
Sometimes,Somewhat
Sometimes,Somewhat
Sometimes,Somewhat
Sometimes,Somewhat
Sometimes,Somewhat
Sometimes,Somewhat
Sometimes,Somewhat
Sometimes,Somewhat
Sometimes,Somewhat
Sometimes,Somewhat
Sometimes,Somewhat
Sometimes,Somewhat
Sometimes,Somewhat
Sometimes,Somewhat
Sometimes,Somewhat
Sometimes,Somewhat
Sometimes,Somewhat
Sometimes,Somewhat
Sometimes,Somewhat
Sometimes,Somewhat
Sometimes,Somewhat
Sometimes,Somewhat
Sometimes,Somewhat
Sometimes,Somewhat
Sometimes,Somewhat
Sometimes,Somewhat
Sometimes,Somewhat
Sometimes,Somewhat
Sometimes,Somewhat
Sometimes,Somewhat
Sometimes,Somewhat
Sometimes,Somewhat
Sometimes,Somewhat
Sometimes,Somewhat
Sometimes,Somewhat
Sometimes,Somewhat
Sometimes,Somewhat
Sometimes,Somewhat
Sometimes,Somewhat
Sometimes,Somewhat
Sometimes,Somewhat
Sometimes,Somewhat
Sometimes,Somewhat
Sometimes,Somewhat
Sometimes,Somewhat
Sometimes,Somewhat
Sometimes,Somewhat
Sometimes,Somewhat
Sometimes,Somewhat
Sometimes,Somewhat
Sometimes,Somewhat
Sometimes,Somewhat
Sometimes,Somewhat
Sometimes,Somewhat
Sometimes,Somewhat
Sometimes,Somewhat
Sometimes,Somewhat
Sometimes,Somewhat
Sometimes,Somewhat
Sometimes,Somewhat
Sometimes,Somewhat
Sometimes,Somewhat
Sometimes,Somewhat
Sometimes,Somewhat
Sometimes,Somewhat
Sometimes,Somewhat
Sometimes,Somewhat
Sometimes,Somewhat
Sometimes,Somewhat
Sometimes,Somewhat
Sometimes,Somewhat
Sometimes,Somewhat
Sometimes,Somewhat
Sometimes,Somewhat
Sometimes,Somewhat
Sometimes,Somewhat
Sometimes,Somewhat
Sometimes,Somewhat
Sometimes,Somewhat
Sometimes,Somewhat
Sometimes,Somewhat
Sometimes,Somewhat
Sometimes,Somewhat
Sometimes,Somewhat
Sometimes,Somewhat
Sometimes,Somewhat
Sometimes,Somewhat
Sometimes,Somewhat
Sometimes,Somewhat
Sometimes,Somewhat
Sometimes,Somewhat
Sometimes,Somewhat
Sometimes,Somewhat
Sometimes,Somewhat
Sometimes,Somewhat
Sometimes,Somewhat
Sometimes,Somewhat
Sometimes,Somewhat
Sometimes,Somewhat
Sometimes,Somewhat
Sometimes,Somewhat
Sometimes,Somewhat
Sometimes,Somewhat
Sometimes,Somewhat
Sometimes,Somewhat
Sometimes,Somewhat
Sometimes,Somewhat
Sometimes,Somewhat
Sometimes,Somewhat
Sometimes,Somewhat
Sometimes,Somewhat
Sometimes,Somewhat
Sometimes,Somewhat
Sometimes,Somewhat
Sometimes,Somewhat
Sometimes,Somewhat
Sometimes,Somewhat
Sometimes,Somewhat
Sometimes,Somewhat
Sometimes,Somewhat
Sometimes,Somewhat
Sometimes,Somewhat
Sometimes,Somewhat
Sometimes,Somewhat
Sometimes,Somewhat
Sometimes,Somewhat
Sometimes,Somewhat
Sometimes,Somewhat
Sometimes,Somewhat
Sometimes,Somewhat
Sometimes,Somewhat
Sometimes,Somewhat
Sometimes,Somewhat
Sometimes,Somewhat
Sometimes,Somewhat
Sometimes,Somewhat
Sometimes,Somewhat
Sometimes,Somewhat
Sometimes,Somewhat
Sometimes,Somewhat
Sometimes,Somewhat
Sometimes,Somewhat
Sometimes,Somewhat
Sometimes,Somewhat
Sometimes,Somewhat
Sometimes,Somewhat
Sometimes,Not Very
Sometimes,Not Very
Sometimes,Not Very
Sometimes,Not Very
Sometimes,Not Very
Sometimes,Not Very
Sometimes,Not Very
Sometimes,Not Very
Sometimes,Not Very
Sometimes,Not Very
Sometimes,Not Very
Sometimes,Not Very
Sometimes,Not Very
Sometimes,Not Very
Sometimes,Not Very
Sometimes,Not Very
Sometimes,Not Very
Sometimes,Not Very
Sometimes,Not Very
Sometimes,Not Very
Sometimes,Not Very
Sometimes,Not Very
Sometimes,Not Very
Sometimes,Not Very
Sometimes,Not Very
Sometimes,Not Very
Sometimes,Not Very
Sometimes,Not Very
Sometimes,Not Very
Sometimes,Not Very
Sometimes,Not Very
Sometimes,Not Very
Sometimes,Not Very
Sometimes,Not Very
Sometimes,Not Very
Sometimes,Not Very
Sometimes,Not Very
Sometimes,Not Very
Sometimes,Not Very
Sometimes,Not Very
Sometimes,Not Very
Sometimes,Not Very
Sometimes,Not Very
Sometimes,Not Very
Sometimes,Not Very
Sometimes,Not Very
Sometimes,Not Very
Sometimes,Not Very
Sometimes,Not Very
Sometimes,Not Very
Sometimes,Not Very
Sometimes,Not Very
Sometimes,Not Very
Sometimes,Not Very
Sometimes,Not Very
Sometimes,Not Very
Sometimes,Not Very
Sometimes,Not Very
Sometimes,Not Very
Sometimes,Not Very
Sometimes,Not Very
Sometimes,Not Very
Sometimes,Not Very
Sometimes,Not Very
Sometimes,Not Very
Sometimes,Not Very
Sometimes,Not Very
Sometimes,Not Very
Sometimes,Not Very
Sometimes,Not Very
Sometimes,Not Very
Sometimes,Not Very
Sometimes,Not Very
Sometimes,Not Very
Sometimes,Not Very
Sometimes,Not Very
Sometimes,Not Very
Sometimes,Not Very
Sometimes,Not Very
Sometimes,Not Very
Sometimes,Not Very
Sometimes,Not Very
Sometimes,Not Very
Sometimes,Not Very
Sometimes,Not Very
Sometimes,Not Very
Sometimes,Not Very
Sometimes,Not Very
Sometimes,Not Very
Sometimes,Not Very
Sometimes,Not Very
Sometimes,Not Very
Sometimes,Not Very
Sometimes,Not Very
Sometimes,Not Very
Sometimes,Not Very
Sometimes,Not Very
Sometimes,Not Very
Sometimes,Not Very
Sometimes,Not Very
Sometimes,Not Very
Sometimes,Not Very
Sometimes,Not Very
Sometimes,Not Very
Sometimes,Not Very
Sometimes,Not Very
Sometimes,Not Very
Sometimes,Not Very
Sometimes,Not Very
Sometimes,Not Very
Sometimes,Not Very
Sometimes,Not Very
Sometimes,Not Very
Sometimes,Not Very
Sometimes,Not Very
Sometimes,Not Very
Sometimes,Not Very
Sometimes,Not Very
Sometimes,Not Very
Sometimes,Not Very
Sometimes,Not Very
Sometimes,Not Very
Sometimes,Not Very
Sometimes,Not Very
Sometimes,Not Very
Sometimes,Not Very
Sometimes,Not Very
Sometimes,Not Very
Sometimes,Not
Sometimes,Not
Sometimes,Not
Sometimes,Not
Sometimes,Not
Sometimes,Not
Sometimes,Not
Sometimes,Not
Sometimes,Not
Sometimes,Not
Sometimes,Not
Sometimes,Not
Sometimes,Not
Sometimes,Not
Sometimes,Not
Sometimes,Not
Sometimes,Not
Sometimes,Not
Sometimes,Not
Sometimes,Not
Never,Extremely
Never,Extremely
Never,Extremely
Never,Extremely
Never,Extremely
Never,Extremely
Never,Extremely
Never,Extremely
Never,Extremely
Never,Extremely
Never,Extremely
Never,Extremely
Never,Extremely
Never,Extremely
Never,Extremely
Never,Extremely
Never,Extremely
Never,Extremely
Never,Extremely
Never,Extremely
Never,Extremely
Never,Extremely
Never,Extremely
Never,Extremely
Never,Extremely
Never,Extremely
Never,Extremely
Never,Extremely
Never,Extremely
Never,Extremely
Never,Extremely
Never,Extremely
Never,Extremely
Never,Extremely
Never,Extremely
Never,Extremely
Never,Extremely
Never,Extremely
Never,Extremely
Never,Extremely
Never,Extremely
Never,Extremely
Never,Extremely
Never,Extremely
Never,Extremely
Never,Extremely
Never,Extremely
Never,Extremely
Never,Extremely
Never,Extremely
Never,Extremely
Never,Extremely
Never,Extremely
Never,Extremely
Never,Extremely
Never,Extremely
Never,Extremely
Never,Extremely
Never,Extremely
Never,Extremely
Never,Extremely
Never,Extremely
Never,Extremely
Never,Extremely
Never,Extremely
Never,Extremely
Never,Extremely
Never,Very
Never,Very
Never,Very
Never,Very
Never,Very
Never,Very
Never,Very
Never,Very
Never,Very
Never,Very
Never,Very
Never,Very
Never,Very
Never,Very
Never,Very
Never,Very
Never,Very
Never,Very
Never,Very
Never,Very
Never,Very
Never,Very
Never,Very
Never,Very
Never,Very
Never,Very
Never,Very
Never,Very
Never,Very
Never,Very
Never,Very
Never,Very
Never,Very
Never,Very
Never,Very
Never,Very
Never,Very
Never,Very
Never,Very
Never,Very
Never,Very
Never,Very
Never,Very
Never,Very
Never,Very
Never,Very
Never,Very
Never,Very
Never,Very
Never,Very
Never,Very
Never,Very
Never,Very
Never,Very
Never,Very
Never,Very
Never,Very
Never,Very
Never,Very
Never,Very
Never,Very
Never,Very
Never,Very
Never,Very
Never,Very
Never,Very
Never,Very
Never,Very
Never,Very
Never,Very
Never,Very
Never,Very
Never,Very
Never,Very
Never,Very
Never,Very
Never,Very
Never,Very
Never,Very
Never,Very
Never,Very
Never,Very
Never,Very
Never,Very
Never,Very
Never,Very
Never,Very
Never,Very
Never,Very
Never,Very
Never,Very
Never,Very
Never,Very
Never,Very
Never,Very
Never,Very
Never,Very
Never,Very
Never,Very
Never,Very
Never,Very
Never,Very
Never,Very
Never,Very
Never,Very
Never,Very
Never,Somewhat
Never,Somewhat
Never,Somewhat
Never,Somewhat
Never,Somewhat
Never,Somewhat
Never,Somewhat
Never,Somewhat
Never,Somewhat
Never,Somewhat
Never,Somewhat
Never,Somewhat
Never,Somewhat
Never,Somewhat
Never,Somewhat
Never,Somewhat
Never,Somewhat
Never,Somewhat
Never,Somewhat
Never,Somewhat
Never,Somewhat
Never,Somewhat
Never,Somewhat
Never,Somewhat
Never,Somewhat
Never,Somewhat
Never,Somewhat
Never,Somewhat
Never,Somewhat
Never,Somewhat
Never,Somewhat
Never,Somewhat
Never,Somewhat
Never,Somewhat
Never,Somewhat
Never,Somewhat
Never,Somewhat
Never,Somewhat
Never,Somewhat
Never,Somewhat
Never,Somewhat
Never,Somewhat
Never,Somewhat
Never,Somewhat
Never,Somewhat
Never,Somewhat
Never,Somewhat
Never,Somewhat
Never,Somewhat
Never,Somewhat
Never,Somewhat
Never,Somewhat
Never,Somewhat
Never,Somewhat
Never,Somewhat
Never,Somewhat
Never,Somewhat
Never,Somewhat
Never,Somewhat
Never,Somewhat
Never,Somewhat
Never,Somewhat
Never,Somewhat
Never,Somewhat
Never,Somewhat
Never,Somewhat
Never,Somewhat
Never,Somewhat
Never,Somewhat
Never,Somewhat
Never,Somewhat
Never,Somewhat
Never,Somewhat
Never,Somewhat
Never,Somewhat
Never,Somewhat
Never,Somewhat
Never,Somewhat
Never,Somewhat
Never,Somewhat
Never,Somewhat
Never,Somewhat
Never,Somewhat
Never,Somewhat
Never,Somewhat
Never,Somewhat
Never,Somewhat
Never,Somewhat
Never,Somewhat
Never,Somewhat
Never,Somewhat
Never,Somewhat
Never,Somewhat
Never,Somewhat
Never,Somewhat
Never,Somewhat
Never,Somewhat
Never,Somewhat
Never,Somewhat
Never,Somewhat
Never,Somewhat
Never,Somewhat
Never,Somewhat
Never,Somewhat
Never,Somewhat
Never,Somewhat
Never,Somewhat
Never,Somewhat
Never,Somewhat
Never,Somewhat
Never,Somewhat
Never,Somewhat
Never,Somewhat
Never,Somewhat
Never,Somewhat
Never,Somewhat
Never,Somewhat
Never,Somewhat
Never,Somewhat
Never,Somewhat
Never,Somewhat
Never,Somewhat
Never,Somewhat
Never,Somewhat
Never,Somewhat
Never,Somewhat
Never,Somewhat
Never,Somewhat
Never,Somewhat
Never,Somewhat
Never,Somewhat
Never,Somewhat
Never,Somewhat
Never,Somewhat
Never,Somewhat
Never,Somewhat
Never,Somewhat
Never,Somewhat
Never,Somewhat
Never,Somewhat
Never,Somewhat
Never,Somewhat
Never,Somewhat
Never,Somewhat
Never,Somewhat
Never,Somewhat
Never,Somewhat
Never,Somewhat
Never,Somewhat
Never,Somewhat
Never,Somewhat
Never,Somewhat
Never,Somewhat
Never,Somewhat
Never,Somewhat
Never,Somewhat
Never,Somewhat
Never,Somewhat
Never,Somewhat
Never,Somewhat
Never,Somewhat
Never,Somewhat
Never,Somewhat
Never,Somewhat
Never,Somewhat
Never,Somewhat
Never,Somewhat
Never,Somewhat
Never,Somewhat
Never,Somewhat
Never,Somewhat
Never,Somewhat
Never,Somewhat
Never,Somewhat
Never,Somewhat
Never,Somewhat
Never,Somewhat
Never,Somewhat
Never,Somewhat
Never,Somewhat
Never,Somewhat
Never,Somewhat
Never,Somewhat
Never,Somewhat
Never,Not Very
Never,Not Very
Never,Not Very
Never,Not Very
Never,Not Very
Never,Not Very
Never,Not Very
Never,Not Very
Never,Not Very
Never,Not Very
Never,Not Very
Never,Not Very
Never,Not Very
Never,Not Very
Never,Not Very
Never,Not Very
Never,Not Very
Never,Not Very
Never,Not Very
Never,Not Very
Never,Not Very
Never,Not Very
Never,Not Very
Never,Not Very
Never,Not Very
Never,Not Very
Never,Not Very
Never,Not Very
Never,Not Very
Never,Not Very
Never,Not Very
Never,Not Very
Never,Not Very
Never,Not Very
Never,Not Very
Never,Not Very
Never,Not Very
Never,Not Very
Never,Not Very
Never,Not Very
Never,Not Very
Never,Not Very
Never,Not Very
Never,Not Very
Never,Not Very
Never,Not Very
Never,Not Very
Never,Not Very
Never,Not Very
Never,Not Very
Never,Not Very
Never,Not Very
Never,Not Very
Never,Not Very
Never,Not Very
Never,Not Very
Never,Not Very
Never,Not Very
Never,Not Very
Never,Not Very
Never,Not Very
Never,Not Very
Never,Not Very
Never,Not Very
Never,Not Very
Never,Not Very
Never,Not Very
Never,Not Very
Never,Not Very
Never,Not Very
Never,Not Very
Never,Not Very
Never,Not Very
Never,Not
Never,Not
Never,Not
Never,Not
Never,Not
Never,Not
Never,Not
Never,Not
Never,Not
Never,Not
Never,Not
Never,Not
Never,Not
Never,Not
Never,Not
Never,Not
Never,Not
Never,Not
Not Avail,Extremely
Not Avail,Extremely
Not Avail,Extremely
Not Avail,Extremely
Not Avail,Extremely
Not Avail,Extremely
Not Avail,Extremely
Not Avail,Extremely
Not Avail,Extremely
Not Avail,Extremely
Not Avail,Extremely
Not Avail,Extremely
Not Avail,Extremely
Not Avail,Extremely
Not Avail,Extremely
Not Avail,Extremely
Not Avail,Extremely
Not Avail,Extremely
Not Avail,Extremely
Not Avail,Extremely
Not Avail,Extremely
Not Avail,Extremely
Not Avail,Extremely
Not Avail,Extremely
Not Avail,Extremely
Not Avail,Extremely
Not Avail,Extremely
Not Avail,Extremely
Not Avail,Very
Not Avail,Very
Not Avail,Very
Not Avail,Very
Not Avail,Very
Not Avail,Very
Not Avail,Very
Not Avail,Very
Not Avail,Very
Not Avail,Very
Not Avail,Very
Not Avail,Very
Not Avail,Very
Not Avail,Very
Not Avail,Very
Not Avail,Very
Not Avail,Very
Not Avail,Very
Not Avail,Very
Not Avail,Very
Not Avail,Very
Not Avail,Very
Not Avail,Very
Not Avail,Very
Not Avail,Very
Not Avail,Very
Not Avail,Very
Not Avail,Very
Not Avail,Somewhat
Not Avail,Somewhat
Not Avail,Somewhat
Not Avail,Somewhat
Not Avail,Somewhat
Not Avail,Somewhat
Not Avail,Somewhat
Not Avail,Somewhat
Not Avail,Somewhat
Not Avail,Somewhat
Not Avail,Somewhat
Not Avail,Somewhat
Not Avail,Somewhat
Not Avail,Somewhat
Not Avail,Somewhat
Not Avail,Somewhat
Not Avail,Somewhat
Not Avail,Somewhat
Not Avail,Somewhat
Not Avail,Somewhat
Not Avail,Somewhat
Not Avail,Somewhat
Not Avail,Somewhat
Not Avail,Somewhat
Not Avail,Somewhat
Not Avail,Somewhat
Not Avail,Somewhat
Not Avail,Somewhat
Not Avail,Somewhat
Not Avail,Somewhat
Not Avail,Somewhat
Not Avail,Somewhat
Not Avail,Somewhat
Not Avail,Somewhat
Not Avail,Somewhat
Not Avail,Somewhat
Not Avail,Somewhat
Not Avail,Somewhat
Not Avail,Somewhat
Not Avail,Somewhat
Not Avail,Somewhat
Not Avail,Somewhat
Not Avail,Somewhat
Not Avail,Somewhat
Not Avail,Somewhat
Not Avail,Somewhat
Not Avail,Somewhat
Not Avail,Somewhat
Not Avail,Somewhat
Not Avail,Somewhat
Not Avail,Somewhat
Not Avail,Somewhat
Not Avail,Somewhat
Not Avail,Somewhat
Not Avail,Somewhat
Not Avail,Somewhat
Not Avail,Not Very
Not Avail,Not Very
Not Avail,Not Very
Not Avail,Not Very
Not Avail,Not Very
Not Avail,Not Very
Not Avail,Not Very
Not Avail,Not Very
Not Avail,Not Very
Not Avail,Not Very
Not Avail,Not Very
Not Avail,Not Very
Not Avail,Not Very
Not Avail,Not Very
Not Avail,Not Very
Not Avail,Not Very
Not Avail,Not
