degree,grnsol
ltHS,vwill
ltHS,vwill
ltHS,vwill
ltHS,vwill
ltHS,vwill
ltHS,vwill
ltHS,vwill
ltHS,vwill
ltHS,vwill
ltHS,vwill
ltHS,vwill
ltHS,vwill
ltHS,vwill
ltHS,vwill
ltHS,vwill
ltHS,vwill
ltHS,vwill
ltHS,vwill
ltHS,vwill
ltHS,vwill
ltHS,vwill
ltHS,vwill
ltHS,vwill
ltHS,vwill
ltHS,vwill
ltHS,vwill
ltHS,vwill
ltHS,vwill
ltHS,vwill
ltHS,vwill
ltHS,vwill
ltHS,vwill
ltHS,vwill
ltHS,vwill
ltHS,vwill
ltHS,vwill
ltHS,vwill
ltHS,vwill
ltHS,vwill
ltHS,vwill
ltHS,will
ltHS,will
ltHS,will
ltHS,will
ltHS,will
ltHS,will
ltHS,will
ltHS,will
ltHS,will
ltHS,will
ltHS,will
ltHS,will
ltHS,will
ltHS,will
ltHS,will
ltHS,will
ltHS,will
ltHS,will
ltHS,will
ltHS,will
ltHS,will
ltHS,will
ltHS,will
ltHS,will
ltHS,will
ltHS,will
ltHS,will
ltHS,will
ltHS,will
ltHS,will
ltHS,will
ltHS,will
ltHS,will
ltHS,will
ltHS,will
ltHS,will
ltHS,will
ltHS,will
ltHS,will
ltHS,will
ltHS,will
ltHS,will
ltHS,will
ltHS,will
ltHS,will
ltHS,will
ltHS,will
ltHS,will
ltHS,will
ltHS,will
ltHS,will
ltHS,will
ltHS,will
ltHS,will
ltHS,will
ltHS,will
ltHS,will
ltHS,will
ltHS,will
ltHS,will
ltHS,will
ltHS,will
ltHS,will
ltHS,will
ltHS,will
ltHS,will
ltHS,will
ltHS,will
ltHS,will
ltHS,will
ltHS,will
ltHS,will
ltHS,will
ltHS,will
ltHS,will
ltHS,will
ltHS,will
ltHS,will
ltHS,will
ltHS,will
ltHS,will
ltHS,will
ltHS,will
ltHS,will
ltHS,will
ltHS,will
ltHS,will
ltHS,will
ltHS,will
ltHS,will
ltHS,will
ltHS,will
ltHS,will
ltHS,will
ltHS,will
ltHS,will
ltHS,will
ltHS,will
ltHS,will
ltHS,will
ltHS,will
ltHS,will
ltHS,will
ltHS,will
ltHS,will
ltHS,will
ltHS,will
ltHS,will
ltHS,will
ltHS,will
ltHS,will
ltHS,will
ltHS,will
ltHS,will
ltHS,will
ltHS,will
ltHS,will
ltHS,will
ltHS,will
ltHS,will
ltHS,will
ltHS,will
ltHS,will
ltHS,will
ltHS,will
ltHS,will
ltHS,will
ltHS,will
ltHS,will
ltHS,will
ltHS,will
ltHS,will
ltHS,will
ltHS,will
ltHS,will
ltHS,will
ltHS,will
ltHS,will
ltHS,will
ltHS,will
ltHS,will
ltHS,will
ltHS,will
ltHS,will
ltHS,will
ltHS,neither
ltHS,neither
ltHS,neither
ltHS,neither
ltHS,neither
ltHS,neither
ltHS,neither
ltHS,neither
ltHS,neither
ltHS,neither
ltHS,neither
ltHS,neither
ltHS,neither
ltHS,neither
ltHS,neither
ltHS,neither
ltHS,neither
ltHS,neither
ltHS,neither
ltHS,neither
ltHS,neither
ltHS,neither
ltHS,neither
ltHS,neither
ltHS,neither
ltHS,neither
ltHS,neither
ltHS,neither
ltHS,neither
ltHS,neither
ltHS,neither
ltHS,neither
ltHS,neither
ltHS,neither
ltHS,neither
ltHS,neither
ltHS,neither
ltHS,neither
ltHS,neither
ltHS,neither
ltHS,neither
ltHS,neither
ltHS,neither
ltHS,neither
ltHS,neither
ltHS,neither
ltHS,neither
ltHS,neither
ltHS,neither
ltHS,neither
ltHS,neither
ltHS,neither
ltHS,neither
ltHS,neither
ltHS,neither
ltHS,neither
ltHS,neither
ltHS,neither
ltHS,neither
ltHS,neither
ltHS,neither
ltHS,neither
ltHS,neither
ltHS,neither
ltHS,neither
ltHS,neither
ltHS,neither
ltHS,neither
ltHS,neither
ltHS,neither
ltHS,neither
ltHS,neither
ltHS,neither
ltHS,neither
ltHS,neither
ltHS,neither
ltHS,neither
ltHS,neither
ltHS,neither
ltHS,neither
ltHS,neither
ltHS,neither
ltHS,neither
ltHS,neither
ltHS,neither
ltHS,neither
ltHS,neither
ltHS,neither
ltHS,neither
ltHS,neither
ltHS,neither
ltHS,neither
ltHS,neither
ltHS,neither
ltHS,neither
ltHS,neither
ltHS,neither
ltHS,neither
ltHS,neither
ltHS,neither
ltHS,neither
ltHS,neither
ltHS,neither
ltHS,neither
ltHS,neither
ltHS,neither
ltHS,neither
ltHS,neither
ltHS,neither
ltHS,neither
ltHS,neither
ltHS,neither
ltHS,neither
ltHS,neither
ltHS,neither
ltHS,neither
ltHS,neither
ltHS,neither
ltHS,neither
ltHS,neither
ltHS,neither
ltHS,neither
ltHS,neither
ltHS,neither
ltHS,neither
ltHS,neither
ltHS,neither
ltHS,neither
ltHS,neither
ltHS,neither
ltHS,neither
ltHS,neither
ltHS,un
ltHS,un
ltHS,un
ltHS,un
ltHS,un
ltHS,un
ltHS,un
ltHS,un
ltHS,un
ltHS,un
ltHS,un
ltHS,un
ltHS,un
ltHS,un
ltHS,un
ltHS,un
ltHS,un
ltHS,un
ltHS,un
ltHS,un
ltHS,un
ltHS,un
ltHS,un
ltHS,un
ltHS,un
ltHS,un
ltHS,un
ltHS,un
ltHS,un
ltHS,un
ltHS,un
ltHS,un
ltHS,un
ltHS,un
ltHS,un
ltHS,un
ltHS,un
ltHS,un
ltHS,un
ltHS,un
ltHS,un
ltHS,un
ltHS,un
ltHS,un
ltHS,un
ltHS,un
ltHS,un
ltHS,un
ltHS,un
ltHS,un
ltHS,un
ltHS,un
ltHS,un
ltHS,un
ltHS,un
ltHS,un
ltHS,un
ltHS,un
ltHS,un
ltHS,un
ltHS,un
ltHS,un
ltHS,un
ltHS,un
ltHS,un
ltHS,un
ltHS,un
ltHS,un
ltHS,un
ltHS,un
ltHS,un
ltHS,un
ltHS,un
ltHS,un
ltHS,un
ltHS,un
ltHS,un
ltHS,un
ltHS,un
ltHS,un
ltHS,un
ltHS,un
ltHS,un
ltHS,un
ltHS,un
ltHS,un
ltHS,un
ltHS,un
ltHS,un
ltHS,un
ltHS,un
ltHS,un
ltHS,un
ltHS,un
ltHS,un
ltHS,un
ltHS,un
ltHS,un
ltHS,un
ltHS,un
ltHS,un
ltHS,un
ltHS,un
ltHS,un
ltHS,un
ltHS,un
ltHS,un
ltHS,un
ltHS,un
ltHS,un
ltHS,un
ltHS,un
ltHS,un
ltHS,un
ltHS,un
ltHS,un
ltHS,un
ltHS,un
ltHS,un
ltHS,un
ltHS,un
ltHS,un
ltHS,un
ltHS,un
ltHS,un
ltHS,un
ltHS,un
ltHS,un
ltHS,un
ltHS,un
ltHS,un
ltHS,un
ltHS,un
ltHS,un
ltHS,un
ltHS,un
ltHS,un
ltHS,un
ltHS,un
ltHS,un
ltHS,un
ltHS,un
ltHS,un
ltHS,un
ltHS,un
ltHS,un
ltHS,un
ltHS,un
ltHS,un
ltHS,un
ltHS,un
ltHS,vun
ltHS,vun
ltHS,vun
ltHS,vun
ltHS,vun
ltHS,vun
ltHS,vun
ltHS,vun
ltHS,vun
ltHS,vun
ltHS,vun
ltHS,vun
ltHS,vun
ltHS,vun
ltHS,vun
ltHS,vun
ltHS,vun
ltHS,vun
ltHS,vun
ltHS,vun
ltHS,vun
ltHS,vun
ltHS,vun
ltHS,vun
ltHS,vun
ltHS,vun
ltHS,vun
ltHS,vun
ltHS,vun
ltHS,vun
ltHS,vun
ltHS,vun
ltHS,vun
ltHS,vun
ltHS,vun
ltHS,vun
ltHS,vun
ltHS,vun
ltHS,vun
ltHS,vun
ltHS,vun
ltHS,vun
ltHS,vun
ltHS,vun
ltHS,vun
ltHS,vun
ltHS,vun
ltHS,vun
ltHS,vun
ltHS,vun
ltHS,vun
ltHS,vun
ltHS,vun
ltHS,vun
ltHS,vun
ltHS,vun
ltHS,vun
ltHS,vun
ltHS,vun
ltHS,vun
ltHS,vun
ltHS,vun
ltHS,vun
ltHS,vun
ltHS,vun
ltHS,vun
ltHS,vun
ltHS,vun
ltHS,vun
ltHS,vun
ltHS,vun
ltHS,vun
ltHS,vun
ltHS,vun
ltHS,vun
ltHS,vun
ltHS,vun
ltHS,vun
ltHS,vun
ltHS,vun
ltHS,vun
ltHS,vun
ltHS,vun
ltHS,vun
ltHS,vun
ltHS,vun
ltHS,vun
ltHS,vun
ltHS,vun
ltHS,vun
ltHS,vun
ltHS,vun
ltHS,vun
ltHS,vun
ltHS,vun
ltHS,vun
ltHS,vun
ltHS,vun
ltHS,vun
ltHS,vun
ltHS,vun
ltHS,vun
ltHS,vun
ltHS,vun
ltHS,vun
ltHS,vun
ltHS,vun
ltHS,vun
ltHS,vun
ltHS,vun
ltHS,vun
ltHS,vun
ltHS,vun
ltHS,vun
ltHS,vun
ltHS,vun
ltHS,vun
ltHS,vun
ltHS,vun
ltHS,vun
ltHS,vun
ltHS,vun
ltHS,vun
ltHS,vun
ltHS,vun
ltHS,vun
ltHS,vun
ltHS,vun
ltHS,vun
ltHS,vun
ltHS,vun
ltHS,vun
ltHS,vun
ltHS,vun
ltHS,vun
ltHS,vun
ltHS,vun
ltHS,vun
ltHS,vun
ltHS,vun
ltHS,vun
ltHS,vun
ltHS,vun
ltHS,vun
ltHS,vun
ltHS,vun
ltHS,vun
ltHS,vun
ltHS,vun
ltHS,vun
ltHS,vun
ltHS,vun
ltHS,vun
ltHS,vun
ltHS,vun
ltHS,vun
ltHS,vun
ltHS,vun
ltHS,vun
ltHS,vun
ltHS,vun
ltHS,vun
ltHS,vun
ltHS,vun
ltHS,vun
ltHS,vun
ltHS,vun
ltHS,vun
ltHS,vun
ltHS,vun
ltHS,vun
ltHS,vun
ltHS,vun
ltHS,vun
ltHS,vun
ltHS,vun
ltHS,vun
ltHS,vun
HS,vwill
HS,vwill
HS,vwill
HS,vwill
HS,vwill
HS,vwill
HS,vwill
HS,vwill
HS,vwill
HS,vwill
HS,vwill
HS,vwill
HS,vwill
HS,vwill
HS,vwill
HS,vwill
HS,vwill
HS,vwill
HS,vwill
HS,vwill
HS,vwill
HS,vwill
HS,vwill
HS,vwill
HS,vwill
HS,vwill
HS,vwill
HS,vwill
HS,vwill
HS,vwill
HS,vwill
HS,vwill
HS,vwill
HS,vwill
HS,vwill
HS,vwill
HS,vwill
HS,vwill
HS,vwill
HS,vwill
HS,vwill
HS,vwill
HS,vwill
HS,vwill
HS,vwill
HS,vwill
HS,vwill
HS,vwill
HS,vwill
HS,vwill
HS,vwill
HS,vwill
HS,vwill
HS,vwill
HS,vwill
HS,vwill
HS,vwill
HS,vwill
HS,vwill
HS,vwill
HS,vwill
HS,vwill
HS,vwill
HS,vwill
HS,vwill
HS,vwill
HS,vwill
HS,vwill
HS,vwill
HS,vwill
HS,vwill
HS,vwill
HS,vwill
HS,vwill
HS,vwill
HS,vwill
HS,vwill
HS,vwill
HS,vwill
HS,vwill
HS,vwill
HS,vwill
HS,vwill
HS,vwill
HS,vwill
HS,vwill
HS,vwill
HS,will
HS,will
HS,will
HS,will
HS,will
HS,will
HS,will
HS,will
HS,will
HS,will
HS,will
HS,will
HS,will
HS,will
HS,will
HS,will
HS,will
HS,will
HS,will
HS,will
HS,will
HS,will
HS,will
HS,will
HS,will
HS,will
HS,will
HS,will
HS,will
HS,will
HS,will
HS,will
HS,will
HS,will
HS,will
HS,will
HS,will
HS,will
HS,will
HS,will
HS,will
HS,will
HS,will
HS,will
HS,will
HS,will
HS,will
HS,will
HS,will
HS,will
HS,will
HS,will
HS,will
HS,will
HS,will
HS,will
HS,will
HS,will
HS,will
HS,will
HS,will
HS,will
HS,will
HS,will
HS,will
HS,will
HS,will
HS,will
HS,will
HS,will
HS,will
HS,will
HS,will
HS,will
HS,will
HS,will
HS,will
HS,will
HS,will
HS,will
HS,will
HS,will
HS,will
HS,will
HS,will
HS,will
HS,will
HS,will
HS,will
HS,will
HS,will
HS,will
HS,will
HS,will
HS,will
HS,will
HS,will
HS,will
HS,will
HS,will
HS,will
HS,will
HS,will
HS,will
HS,will
HS,will
HS,will
HS,will
HS,will
HS,will
HS,will
HS,will
HS,will
HS,will
HS,will
HS,will
HS,will
HS,will
HS,will
HS,will
HS,will
HS,will
HS,will
HS,will
HS,will
HS,will
HS,will
HS,will
HS,will
HS,will
HS,will
HS,will
HS,will
HS,will
HS,will
HS,will
HS,will
HS,will
HS,will
HS,will
HS,will
HS,will
HS,will
HS,will
HS,will
HS,will
HS,will
HS,will
HS,will
HS,will
HS,will
HS,will
HS,will
HS,will
HS,will
HS,will
HS,will
HS,will
HS,will
HS,will
HS,will
HS,will
HS,will
HS,will
HS,will
HS,will
HS,will
HS,will
HS,will
HS,will
HS,will
HS,will
HS,will
HS,will
HS,will
HS,will
HS,will
HS,will
HS,will
HS,will
HS,will
HS,will
HS,will
HS,will
HS,will
HS,will
HS,will
HS,will
HS,will
HS,will
HS,will
HS,will
HS,will
HS,will
HS,will
HS,will
HS,will
HS,will
HS,will
HS,will
HS,will
HS,will
HS,will
HS,will
HS,will
HS,will
HS,will
HS,will
HS,will
HS,will
HS,will
HS,will
HS,will
HS,will
HS,will
HS,will
HS,will
HS,will
HS,will
HS,will
HS,will
HS,will
HS,will
HS,will
HS,will
HS,will
HS,will
HS,will
HS,will
HS,will
HS,will
HS,will
HS,will
HS,will
HS,will
HS,will
HS,will
HS,will
HS,will
HS,will
HS,will
HS,will
HS,will
HS,will
HS,will
HS,will
HS,will
HS,will
HS,will
HS,will
HS,will
HS,will
HS,will
HS,will
HS,will
HS,will
HS,will
HS,will
HS,will
HS,will
HS,will
HS,will
HS,will
HS,will
HS,will
HS,will
HS,will
HS,will
HS,will
HS,will
HS,will
HS,will
HS,will
HS,will
HS,will
HS,will
HS,will
HS,will
HS,will
HS,will
HS,will
HS,will
HS,will
HS,will
HS,will
HS,will
HS,will
HS,will
HS,will
HS,will
HS,will
HS,will
HS,will
HS,will
HS,will
HS,will
HS,will
HS,will
HS,will
HS,will
HS,will
HS,will
HS,will
HS,will
HS,will
HS,will
HS,will
HS,will
HS,will
HS,will
HS,will
HS,will
HS,will
HS,will
HS,will
HS,will
HS,will
HS,will
HS,will
HS,will
HS,will
HS,will
HS,will
HS,will
HS,will
HS,will
HS,will
HS,will
HS,will
HS,will
HS,will
HS,will
HS,will
HS,will
HS,will
HS,will
HS,will
HS,will
HS,will
HS,will
HS,will
HS,will
HS,will
HS,will
HS,will
HS,will
HS,will
HS,will
HS,will
HS,will
HS,will
HS,will
HS,will
HS,will
HS,will
HS,will
HS,will
HS,will
HS,will
HS,will
HS,will
HS,will
HS,will
HS,will
HS,will
HS,will
HS,will
HS,will
HS,will
HS,will
HS,will
HS,will
HS,will
HS,will
HS,will
HS,will
HS,will
HS,will
HS,will
HS,will
HS,will
HS,will
HS,will
HS,will
HS,will
HS,will
HS,will
HS,will
HS,will
HS,will
HS,will
HS,will
HS,will
HS,will
HS,will
HS,will
HS,will
HS,will
HS,will
HS,will
HS,will
HS,will
HS,will
HS,will
HS,will
HS,will
HS,will
HS,will
HS,will
HS,will
HS,will
HS,will
HS,will
HS,will
HS,will
HS,will
HS,will
HS,will
HS,will
HS,will
HS,will
HS,will
HS,will
HS,will
HS,will
HS,will
HS,will
HS,will
HS,will
HS,will
HS,will
HS,will
HS,will
HS,will
HS,will
HS,will
HS,will
HS,will
HS,will
HS,will
HS,will
HS,will
HS,will
HS,will
HS,will
HS,will
HS,will
HS,will
HS,will
HS,will
HS,will
HS,will
HS,will
HS,will
HS,will
HS,will
HS,will
HS,will
HS,will
HS,will
HS,will
HS,will
HS,will
HS,will
HS,will
HS,will
HS,will
HS,will
HS,will
HS,will
HS,will
HS,will
HS,will
HS,will
HS,will
HS,will
HS,will
HS,will
HS,will
HS,will
HS,will
HS,will
HS,will
HS,will
HS,will
HS,will
HS,will
HS,will
HS,will
HS,will
HS,will
HS,will
HS,will
HS,will
HS,will
HS,will
HS,will
HS,will
HS,will
HS,will
HS,will
HS,will
HS,will
HS,will
HS,will
HS,will
HS,will
HS,will
HS,will
HS,will
HS,will
HS,will
HS,will
HS,will
HS,will
HS,will
HS,will
HS,will
HS,will
HS,will
HS,will
HS,will
HS,will
HS,will
HS,will
HS,will
HS,will
HS,will
HS,will
HS,will
HS,will
HS,will
HS,will
HS,will
HS,will
HS,will
HS,will
HS,will
HS,will
HS,will
HS,will
HS,will
HS,neither
HS,neither
HS,neither
HS,neither
HS,neither
HS,neither
HS,neither
HS,neither
HS,neither
HS,neither
HS,neither
HS,neither
HS,neither
HS,neither
HS,neither
HS,neither
HS,neither
HS,neither
HS,neither
HS,neither
HS,neither
HS,neither
HS,neither
HS,neither
HS,neither
HS,neither
HS,neither
HS,neither
HS,neither
HS,neither
HS,neither
HS,neither
HS,neither
HS,neither
HS,neither
HS,neither
HS,neither
HS,neither
HS,neither
HS,neither
HS,neither
HS,neither
HS,neither
HS,neither
HS,neither
HS,neither
HS,neither
HS,neither
HS,neither
HS,neither
HS,neither
HS,neither
HS,neither
HS,neither
HS,neither
HS,neither
HS,neither
HS,neither
HS,neither
HS,neither
HS,neither
HS,neither
HS,neither
HS,neither
HS,neither
HS,neither
HS,neither
HS,neither
HS,neither
HS,neither
HS,neither
HS,neither
HS,neither
HS,neither
HS,neither
HS,neither
HS,neither
HS,neither
HS,neither
HS,neither
HS,neither
HS,neither
HS,neither
HS,neither
HS,neither
HS,neither
HS,neither
HS,neither
HS,neither
HS,neither
HS,neither
HS,neither
HS,neither
HS,neither
HS,neither
HS,neither
HS,neither
HS,neither
HS,neither
HS,neither
HS,neither
HS,neither
HS,neither
HS,neither
HS,neither
HS,neither
HS,neither
HS,neither
HS,neither
HS,neither
HS,neither
HS,neither
HS,neither
HS,neither
HS,neither
HS,neither
HS,neither
HS,neither
HS,neither
HS,neither
HS,neither
HS,neither
HS,neither
HS,neither
HS,neither
HS,neither
HS,neither
HS,neither
HS,neither
HS,neither
HS,neither
HS,neither
HS,neither
HS,neither
HS,neither
HS,neither
HS,neither
HS,neither
HS,neither
HS,neither
HS,neither
HS,neither
HS,neither
HS,neither
HS,neither
HS,neither
HS,neither
HS,neither
HS,neither
HS,neither
HS,neither
HS,neither
HS,neither
HS,neither
HS,neither
HS,neither
HS,neither
HS,neither
HS,neither
HS,neither
HS,neither
HS,neither
HS,neither
HS,neither
HS,neither
HS,neither
HS,neither
HS,neither
HS,neither
HS,neither
HS,neither
HS,neither
HS,neither
HS,neither
HS,neither
HS,neither
HS,neither
HS,neither
HS,neither
HS,neither
HS,neither
HS,neither
HS,neither
HS,neither
HS,neither
HS,neither
HS,neither
HS,neither
HS,neither
HS,neither
HS,neither
HS,neither
HS,neither
HS,neither
HS,neither
HS,neither
HS,neither
HS,neither
HS,neither
HS,neither
HS,neither
HS,neither
HS,neither
HS,neither
HS,neither
HS,neither
HS,neither
HS,neither
HS,neither
HS,neither
HS,neither
HS,neither
HS,neither
HS,neither
HS,neither
HS,neither
HS,neither
HS,neither
HS,neither
HS,neither
HS,neither
HS,neither
HS,neither
HS,neither
HS,neither
HS,neither
HS,neither
HS,neither
HS,neither
HS,neither
HS,neither
HS,neither
HS,neither
HS,neither
HS,neither
HS,neither
HS,neither
HS,neither
HS,neither
HS,neither
HS,neither
HS,neither
HS,neither
HS,neither
HS,neither
HS,neither
HS,neither
HS,neither
HS,neither
HS,neither
HS,neither
HS,neither
HS,neither
HS,neither
HS,neither
HS,neither
HS,neither
HS,neither
HS,neither
HS,neither
HS,neither
HS,neither
HS,neither
HS,neither
HS,neither
HS,neither
HS,neither
HS,neither
HS,neither
HS,neither
HS,neither
HS,neither
HS,neither
HS,neither
HS,neither
HS,neither
HS,neither
HS,neither
HS,neither
HS,neither
HS,neither
HS,neither
HS,neither
HS,neither
HS,neither
HS,neither
HS,neither
HS,neither
HS,neither
HS,neither
HS,neither
HS,neither
HS,neither
HS,neither
HS,neither
HS,neither
HS,neither
HS,neither
HS,neither
HS,neither
HS,neither
HS,neither
HS,neither
HS,neither
HS,neither
HS,neither
HS,neither
HS,neither
HS,neither
HS,neither
HS,neither
HS,neither
HS,neither
HS,neither
HS,neither
HS,neither
HS,neither
HS,neither
HS,neither
HS,neither
HS,neither
HS,neither
HS,neither
HS,neither
HS,neither
HS,neither
HS,neither
HS,neither
HS,neither
HS,neither
HS,neither
HS,neither
HS,neither
HS,neither
HS,neither
HS,neither
HS,neither
HS,neither
HS,neither
HS,neither
HS,neither
HS,neither
HS,neither
HS,neither
HS,neither
HS,neither
HS,neither
HS,neither
HS,neither
HS,neither
HS,neither
HS,neither
HS,neither
HS,neither
HS,neither
HS,neither
HS,neither
HS,neither
HS,neither
HS,neither
HS,neither
HS,neither
HS,neither
HS,neither
HS,neither
HS,neither
HS,neither
HS,neither
HS,neither
HS,neither
HS,neither
HS,neither
HS,neither
HS,neither
HS,neither
HS,neither
HS,neither
HS,neither
HS,neither
HS,neither
HS,neither
HS,neither
HS,neither
HS,neither
HS,neither
HS,neither
HS,neither
HS,neither
HS,neither
HS,neither
HS,neither
HS,neither
HS,neither
HS,neither
HS,neither
HS,neither
HS,neither
HS,neither
HS,neither
HS,neither
HS,neither
HS,neither
HS,neither
HS,neither
HS,neither
HS,neither
HS,neither
HS,neither
HS,neither
HS,neither
HS,neither
HS,neither
HS,neither
HS,neither
HS,neither
HS,neither
HS,neither
HS,neither
HS,neither
HS,neither
HS,neither
HS,neither
HS,neither
HS,neither
HS,neither
HS,neither
HS,neither
HS,neither
HS,neither
HS,neither
HS,neither
HS,neither
HS,neither
HS,neither
HS,neither
HS,neither
HS,neither
HS,neither
HS,neither
HS,neither
HS,neither
HS,neither
HS,neither
HS,neither
HS,neither
HS,neither
HS,neither
HS,neither
HS,neither
HS,neither
HS,neither
HS,neither
HS,neither
HS,neither
HS,neither
HS,neither
HS,neither
HS,neither
HS,neither
HS,neither
HS,neither
HS,neither
HS,neither
HS,neither
HS,neither
HS,neither
HS,neither
HS,neither
HS,neither
HS,neither
HS,neither
HS,neither
HS,neither
HS,neither
HS,neither
HS,neither
HS,neither
HS,neither
HS,neither
HS,neither
HS,neither
HS,neither
HS,neither
HS,neither
HS,neither
HS,neither
HS,neither
HS,neither
HS,neither
HS,neither
HS,neither
HS,neither
HS,neither
HS,neither
HS,neither
HS,neither
HS,neither
HS,neither
HS,neither
HS,neither
HS,neither
HS,neither
HS,neither
HS,neither
HS,neither
HS,neither
HS,neither
HS,neither
HS,neither
HS,neither
HS,neither
HS,neither
HS,un
HS,un
HS,un
HS,un
HS,un
HS,un
HS,un
HS,un
HS,un
HS,un
HS,un
HS,un
HS,un
HS,un
HS,un
HS,un
HS,un
HS,un
HS,un
HS,un
HS,un
HS,un
HS,un
HS,un
HS,un
HS,un
HS,un
HS,un
HS,un
HS,un
HS,un
HS,un
HS,un
HS,un
HS,un
HS,un
HS,un
HS,un
HS,un
HS,un
HS,un
HS,un
HS,un
HS,un
HS,un
HS,un
HS,un
HS,un
HS,un
HS,un
HS,un
HS,un
HS,un
HS,un
HS,un
HS,un
HS,un
HS,un
HS,un
HS,un
HS,un
HS,un
HS,un
HS,un
HS,un
HS,un
HS,un
HS,un
HS,un
HS,un
HS,un
HS,un
HS,un
HS,un
HS,un
HS,un
HS,un
HS,un
HS,un
HS,un
HS,un
HS,un
HS,un
HS,un
HS,un
HS,un
HS,un
HS,un
HS,un
HS,un
HS,un
HS,un
HS,un
HS,un
HS,un
HS,un
HS,un
HS,un
HS,un
HS,un
HS,un
HS,un
HS,un
HS,un
HS,un
HS,un
HS,un
HS,un
HS,un
HS,un
HS,un
HS,un
HS,un
HS,un
HS,un
HS,un
HS,un
HS,un
HS,un
HS,un
HS,un
HS,un
HS,un
HS,un
HS,un
HS,un
HS,un
HS,un
HS,un
HS,un
HS,un
HS,un
HS,un
HS,un
HS,un
HS,un
HS,un
HS,un
HS,un
HS,un
HS,un
HS,un
HS,un
HS,un
HS,un
HS,un
HS,un
HS,un
HS,un
HS,un
HS,un
HS,un
HS,un
HS,un
HS,un
HS,un
HS,un
HS,un
HS,un
HS,un
HS,un
HS,un
HS,un
HS,un
HS,un
HS,un
HS,un
HS,un
HS,un
HS,un
HS,un
HS,un
HS,un
HS,un
HS,un
HS,un
HS,un
HS,un
HS,un
HS,un
HS,un
HS,un
HS,un
HS,un
HS,un
HS,un
HS,un
HS,un
HS,un
HS,un
HS,un
HS,un
HS,un
HS,un
HS,un
HS,un
HS,un
HS,un
HS,un
HS,un
HS,un
HS,un
HS,un
HS,un
HS,un
HS,un
HS,un
HS,un
HS,un
HS,un
HS,un
HS,un
HS,un
HS,un
HS,un
HS,un
HS,un
HS,un
HS,un
HS,un
HS,un
HS,un
HS,un
HS,un
HS,un
HS,un
HS,un
HS,un
HS,un
HS,un
HS,un
HS,un
HS,un
HS,un
HS,un
HS,un
HS,un
HS,un
HS,un
HS,un
HS,un
HS,un
HS,un
HS,un
HS,un
HS,un
HS,un
HS,un
HS,un
HS,un
HS,un
HS,un
HS,un
HS,un
HS,un
HS,un
HS,un
HS,un
HS,un
HS,un
HS,un
HS,un
HS,un
HS,un
HS,un
HS,un
HS,un
HS,un
HS,un
HS,un
HS,un
HS,un
HS,un
HS,un
HS,un
HS,un
HS,un
HS,un
HS,un
HS,un
HS,un
HS,un
HS,un
HS,un
HS,un
HS,un
HS,un
HS,un
HS,un
HS,un
HS,un
HS,un
HS,un
HS,un
HS,un
HS,un
HS,un
HS,un
HS,un
HS,un
HS,un
HS,un
HS,un
HS,un
HS,un
HS,un
HS,un
HS,un
HS,un
HS,un
HS,un
HS,un
HS,un
HS,un
HS,un
HS,un
HS,un
HS,un
HS,un
HS,un
HS,un
HS,un
HS,un
HS,un
HS,un
HS,un
HS,un
HS,un
HS,un
HS,un
HS,un
HS,un
HS,un
HS,un
HS,un
HS,un
HS,un
HS,un
HS,un
HS,un
HS,un
HS,un
HS,un
HS,un
HS,un
HS,un
HS,un
HS,un
HS,un
HS,un
HS,un
HS,un
HS,un
HS,un
HS,un
HS,un
HS,un
HS,un
HS,un
HS,un
HS,un
HS,un
HS,un
HS,un
HS,un
HS,un
HS,un
HS,un
HS,un
HS,un
HS,un
HS,un
HS,un
HS,un
HS,un
HS,un
HS,un
HS,un
HS,un
HS,un
HS,un
HS,un
HS,un
HS,un
HS,un
HS,un
HS,un
HS,un
HS,un
HS,un
HS,un
HS,un
HS,un
HS,un
HS,un
HS,un
HS,un
HS,un
HS,un
HS,un
HS,un
HS,un
HS,un
HS,un
HS,un
HS,un
HS,un
HS,un
HS,un
HS,un
HS,un
HS,un
HS,un
HS,un
HS,un
HS,un
HS,un
HS,un
HS,un
HS,un
HS,un
HS,un
HS,un
HS,un
HS,un
HS,un
HS,un
HS,un
HS,un
HS,un
HS,un
HS,un
HS,un
HS,un
HS,un
HS,un
HS,un
HS,un
HS,un
HS,un
HS,un
HS,un
HS,un
HS,un
HS,un
HS,un
HS,un
HS,un
HS,un
HS,un
HS,un
HS,un
HS,un
HS,un
HS,un
HS,un
HS,un
HS,un
HS,un
HS,un
HS,un
HS,un
HS,un
HS,un
HS,un
HS,un
HS,un
HS,un
HS,un
HS,un
HS,un
HS,un
HS,un
HS,un
HS,un
HS,un
HS,un
HS,un
HS,un
HS,un
HS,un
HS,un
HS,un
HS,un
HS,un
HS,un
HS,un
HS,un
HS,un
HS,un
HS,un
HS,un
HS,un
HS,un
HS,un
HS,un
HS,un
HS,un
HS,un
HS,un
HS,un
HS,un
HS,un
HS,un
HS,un
HS,un
HS,un
HS,un
HS,un
HS,un
HS,un
HS,un
HS,un
HS,un
HS,un
HS,un
HS,un
HS,un
HS,un
HS,un
HS,un
HS,un
HS,un
HS,un
HS,un
HS,un
HS,un
HS,un
HS,un
HS,un
HS,un
HS,un
HS,un
HS,un
HS,un
HS,un
HS,un
HS,un
HS,un
HS,un
HS,un
HS,un
HS,un
HS,un
HS,un
HS,un
HS,un
HS,un
HS,un
HS,un
HS,un
HS,un
HS,un
HS,un
HS,un
HS,un
HS,un
HS,vun
HS,vun
HS,vun
HS,vun
HS,vun
HS,vun
HS,vun
HS,vun
HS,vun
HS,vun
HS,vun
HS,vun
HS,vun
HS,vun
HS,vun
HS,vun
HS,vun
HS,vun
HS,vun
HS,vun
HS,vun
HS,vun
HS,vun
HS,vun
HS,vun
HS,vun
HS,vun
HS,vun
HS,vun
HS,vun
HS,vun
HS,vun
HS,vun
HS,vun
HS,vun
HS,vun
HS,vun
HS,vun
HS,vun
HS,vun
HS,vun
HS,vun
HS,vun
HS,vun
HS,vun
HS,vun
HS,vun
HS,vun
HS,vun
HS,vun
HS,vun
HS,vun
HS,vun
HS,vun
HS,vun
HS,vun
HS,vun
HS,vun
HS,vun
HS,vun
HS,vun
HS,vun
HS,vun
HS,vun
HS,vun
HS,vun
HS,vun
HS,vun
HS,vun
HS,vun
HS,vun
HS,vun
HS,vun
HS,vun
HS,vun
HS,vun
HS,vun
HS,vun
HS,vun
HS,vun
HS,vun
HS,vun
HS,vun
HS,vun
HS,vun
HS,vun
HS,vun
HS,vun
HS,vun
HS,vun
HS,vun
HS,vun
HS,vun
HS,vun
HS,vun
HS,vun
HS,vun
HS,vun
HS,vun
HS,vun
HS,vun
HS,vun
HS,vun
HS,vun
HS,vun
HS,vun
HS,vun
HS,vun
HS,vun
HS,vun
HS,vun
HS,vun
HS,vun
HS,vun
HS,vun
HS,vun
HS,vun
HS,vun
HS,vun
HS,vun
HS,vun
HS,vun
HS,vun
HS,vun
HS,vun
HS,vun
HS,vun
HS,vun
HS,vun
HS,vun
HS,vun
HS,vun
HS,vun
HS,vun
HS,vun
HS,vun
HS,vun
HS,vun
HS,vun
HS,vun
HS,vun
HS,vun
HS,vun
HS,vun
HS,vun
HS,vun
HS,vun
HS,vun
HS,vun
HS,vun
HS,vun
HS,vun
HS,vun
HS,vun
HS,vun
HS,vun
HS,vun
HS,vun
HS,vun
HS,vun
HS,vun
HS,vun
HS,vun
HS,vun
HS,vun
HS,vun
HS,vun
HS,vun
HS,vun
HS,vun
HS,vun
HS,vun
HS,vun
HS,vun
HS,vun
HS,vun
HS,vun
HS,vun
HS,vun
HS,vun
HS,vun
HS,vun
HS,vun
HS,vun
HS,vun
HS,vun
HS,vun
HS,vun
HS,vun
HS,vun
HS,vun
HS,vun
HS,vun
HS,vun
HS,vun
HS,vun
HS,vun
HS,vun
HS,vun
HS,vun
HS,vun
HS,vun
HS,vun
HS,vun
HS,vun
HS,vun
HS,vun
HS,vun
HS,vun
HS,vun
HS,vun
HS,vun
HS,vun
HS,vun
HS,vun
HS,vun
HS,vun
HS,vun
HS,vun
HS,vun
HS,vun
HS,vun
HS,vun
HS,vun
HS,vun
HS,vun
HS,vun
HS,vun
HS,vun
HS,vun
HS,vun
HS,vun
HS,vun
HS,vun
HS,vun
HS,vun
HS,vun
HS,vun
HS,vun
HS,vun
HS,vun
HS,vun
HS,vun
HS,vun
HS,vun
HS,vun
HS,vun
HS,vun
HS,vun
HS,vun
HS,vun
HS,vun
HS,vun
HS,vun
HS,vun
HS,vun
HS,vun
HS,vun
HS,vun
HS,vun
HS,vun
HS,vun
HS,vun
HS,vun
HS,vun
HS,vun
HS,vun
HS,vun
HS,vun
HS,vun
HS,vun
HS,vun
HS,vun
HS,vun
HS,vun
HS,vun
HS,vun
HS,vun
HS,vun
HS,vun
HS,vun
HS,vun
HS,vun
HS,vun
HS,vun
HS,vun
HS,vun
HS,vun
HS,vun
HS,vun
HS,vun
HS,vun
HS,vun
HS,vun
HS,vun
HS,vun
HS,vun
HS,vun
HS,vun
HS,vun
HS,vun
HS,vun
HS,vun
HS,vun
HS,vun
HS,vun
HS,vun
HS,vun
HS,vun
HS,vun
HS,vun
HS,vun
HS,vun
HS,vun
HS,vun
HS,vun
HS,vun
HS,vun
HS,vun
HS,vun
HS,vun
HS,vun
HS,vun
HS,vun
HS,vun
HS,vun
HS,vun
HS,vun
HS,vun
HS,vun
HS,vun
HS,vun
HS,vun
HS,vun
HS,vun
HS,vun
HS,vun
HS,vun
HS,vun
HS,vun
HS,vun
HS,vun
HS,vun
HS,vun
HS,vun
HS,vun
HS,vun
HS,vun
HS,vun
HS,vun
HS,vun
HS,vun
HS,vun
HS,vun
HS,vun
HS,vun
HS,vun
HS,vun
HS,vun
HS,vun
HS,vun
HS,vun
HS,vun
HS,vun
HS,vun
HS,vun
HS,vun
HS,vun
HS,vun
HS,vun
HS,vun
HS,vun
HS,vun
HS,vun
HS,vun
HS,vun
HS,vun
HS,vun
HS,vun
HS,vun
HS,vun
HS,vun
HS,vun
HS,vun
HS,vun
HS,vun
HS,vun
HS,vun
HS,vun
HS,vun
HS,vun
HS,vun
JC,vwill
JC,vwill
JC,vwill
JC,vwill
JC,vwill
JC,vwill
JC,vwill
JC,vwill
JC,vwill
JC,vwill
JC,vwill
JC,vwill
JC,vwill
JC,vwill
JC,vwill
JC,will
JC,will
JC,will
JC,will
JC,will
JC,will
JC,will
JC,will
JC,will
JC,will
JC,will
JC,will
JC,will
JC,will
JC,will
JC,will
JC,will
JC,will
JC,will
JC,will
JC,will
JC,will
JC,will
JC,will
JC,will
JC,will
JC,will
JC,will
JC,will
JC,will
JC,will
JC,will
JC,will
JC,will
JC,will
JC,will
JC,will
JC,will
JC,will
JC,will
JC,will
JC,will
JC,will
JC,will
JC,will
JC,will
JC,will
JC,will
JC,will
JC,will
JC,will
JC,will
JC,will
JC,will
JC,will
JC,will
JC,will
JC,will
JC,will
JC,will
JC,will
JC,neither
JC,neither
JC,neither
JC,neither
JC,neither
JC,neither
JC,neither
JC,neither
JC,neither
JC,neither
JC,neither
JC,neither
JC,neither
JC,neither
JC,neither
JC,neither
JC,neither
JC,neither
JC,neither
JC,neither
JC,neither
JC,neither
JC,neither
JC,neither
JC,neither
JC,neither
JC,neither
JC,neither
JC,neither
JC,neither
JC,neither
JC,neither
JC,neither
JC,neither
JC,neither
JC,neither
JC,neither
JC,neither
JC,neither
JC,neither
JC,neither
JC,neither
JC,neither
JC,neither
JC,neither
JC,neither
JC,neither
JC,neither
JC,neither
JC,neither
JC,neither
JC,neither
JC,neither
JC,neither
JC,neither
JC,neither
JC,neither
JC,neither
JC,neither
JC,neither
JC,neither
JC,neither
JC,neither
JC,neither
JC,un
JC,un
JC,un
JC,un
JC,un
JC,un
JC,un
JC,un
JC,un
JC,un
JC,un
JC,un
JC,un
JC,un
JC,un
JC,un
JC,un
JC,un
JC,un
JC,un
JC,un
JC,un
JC,un
JC,un
JC,un
JC,un
JC,un
JC,un
JC,un
JC,un
JC,un
JC,un
JC,un
JC,un
JC,un
JC,un
JC,un
JC,un
JC,un
JC,un
JC,un
JC,un
JC,un
JC,un
JC,un
JC,un
JC,un
JC,un
JC,un
JC,un
JC,un
JC,un
JC,un
JC,un
JC,vun
JC,vun
JC,vun
JC,vun
JC,vun
JC,vun
JC,vun
JC,vun
JC,vun
JC,vun
JC,vun
JC,vun
JC,vun
JC,vun
JC,vun
JC,vun
JC,vun
JC,vun
JC,vun
JC,vun
JC,vun
JC,vun
JC,vun
JC,vun
JC,vun
JC,vun
JC,vun
JC,vun
JC,vun
JC,vun
JC,vun
JC,vun
JC,vun
JC,vun
JC,vun
JC,vun
JC,vun
JC,vun
JC,vun
JC,vun
JC,vun
JC,vun
JC,vun
JC,vun
BS,vwill
BS,vwill
BS,vwill
BS,vwill
BS,vwill
BS,vwill
BS,vwill
BS,vwill
BS,vwill
BS,vwill
BS,vwill
BS,vwill
BS,vwill
BS,vwill
BS,vwill
BS,vwill
BS,vwill
BS,vwill
BS,vwill
BS,vwill
BS,vwill
BS,vwill
BS,vwill
BS,vwill
BS,vwill
BS,vwill
BS,vwill
BS,vwill
BS,vwill
BS,vwill
BS,vwill
BS,vwill
BS,vwill
BS,vwill
BS,vwill
BS,vwill
BS,vwill
BS,vwill
BS,vwill
BS,vwill
BS,vwill
BS,vwill
BS,will
BS,will
BS,will
BS,will
BS,will
BS,will
BS,will
BS,will
BS,will
BS,will
BS,will
BS,will
BS,will
BS,will
BS,will
BS,will
BS,will
BS,will
BS,will
BS,will
BS,will
BS,will
BS,will
BS,will
BS,will
BS,will
BS,will
BS,will
BS,will
BS,will
BS,will
BS,will
BS,will
BS,will
BS,will
BS,will
BS,will
BS,will
BS,will
BS,will
BS,will
BS,will
BS,will
BS,will
BS,will
BS,will
BS,will
BS,will
BS,will
BS,will
BS,will
BS,will
BS,will
BS,will
BS,will
BS,will
BS,will
BS,will
BS,will
BS,will
BS,will
BS,will
BS,will
BS,will
BS,will
BS,will
BS,will
BS,will
BS,will
BS,will
BS,will
BS,will
BS,will
BS,will
BS,will
BS,will
BS,will
BS,will
BS,will
BS,will
BS,will
BS,will
BS,will
BS,will
BS,will
BS,will
BS,will
BS,will
BS,will
BS,will
BS,will
BS,will
BS,will
BS,will
BS,will
BS,will
BS,will
BS,will
BS,will
BS,will
BS,will
BS,will
BS,will
BS,will
BS,will
BS,will
BS,will
BS,will
BS,will
BS,will
BS,will
BS,will
BS,will
BS,will
BS,will
BS,will
BS,will
BS,will
BS,will
BS,will
BS,will
BS,will
BS,will
BS,will
BS,will
BS,will
BS,will
BS,will
BS,will
BS,will
BS,will
BS,will
BS,will
BS,will
BS,will
BS,will
BS,will
BS,will
BS,will
BS,will
BS,will
BS,will
BS,will
BS,will
BS,will
BS,will
BS,will
BS,will
BS,will
BS,will
BS,will
BS,will
BS,will
BS,will
BS,will
BS,will
BS,will
BS,will
BS,will
BS,will
BS,will
BS,will
BS,will
BS,will
BS,will
BS,will
BS,will
BS,will
BS,will
BS,will
BS,will
BS,will
BS,will
BS,will
BS,will
BS,will
BS,will
BS,will
BS,will
BS,will
BS,will
BS,will
BS,will
BS,will
BS,will
BS,will
BS,will
BS,will
BS,will
BS,will
BS,will
BS,will
BS,will
BS,will
BS,will
BS,will
BS,will
BS,will
BS,will
BS,neither
BS,neither
BS,neither
BS,neither
BS,neither
BS,neither
BS,neither
BS,neither
BS,neither
BS,neither
BS,neither
BS,neither
BS,neither
BS,neither
BS,neither
BS,neither
BS,neither
BS,neither
BS,neither
BS,neither
BS,neither
BS,neither
BS,neither
BS,neither
BS,neither
BS,neither
BS,neither
BS,neither
BS,neither
BS,neither
BS,neither
BS,neither
BS,neither
BS,neither
BS,neither
BS,neither
BS,neither
BS,neither
BS,neither
BS,neither
BS,neither
BS,neither
BS,neither
BS,neither
BS,neither
BS,neither
BS,neither
BS,neither
BS,neither
BS,neither
BS,neither
BS,neither
BS,neither
BS,neither
BS,neither
BS,neither
BS,neither
BS,neither
BS,neither
BS,neither
BS,neither
BS,neither
BS,neither
BS,neither
BS,neither
BS,neither
BS,neither
BS,neither
BS,neither
BS,neither
BS,neither
BS,neither
BS,neither
BS,neither
BS,neither
BS,neither
BS,neither
BS,neither
BS,neither
BS,neither
BS,neither
BS,neither
BS,neither
BS,neither
BS,neither
BS,neither
BS,neither
BS,neither
BS,neither
BS,neither
BS,neither
BS,neither
BS,neither
BS,neither
BS,neither
BS,neither
BS,neither
BS,neither
BS,neither
BS,neither
BS,neither
BS,neither
BS,neither
BS,neither
BS,neither
BS,neither
BS,neither
BS,neither
BS,neither
BS,neither
BS,neither
BS,neither
BS,neither
BS,neither
BS,neither
BS,neither
BS,neither
BS,neither
BS,neither
BS,neither
BS,neither
BS,neither
BS,neither
BS,neither
BS,neither
BS,neither
BS,neither
BS,neither
BS,neither
BS,neither
BS,neither
BS,neither
BS,neither
BS,neither
BS,neither
BS,neither
BS,neither
BS,neither
BS,neither
BS,neither
BS,neither
BS,neither
BS,neither
BS,neither
BS,neither
BS,neither
BS,neither
BS,neither
BS,neither
BS,neither
BS,neither
BS,neither
BS,neither
BS,neither
BS,neither
BS,neither
BS,neither
BS,neither
BS,neither
BS,neither
BS,neither
BS,neither
BS,neither
BS,neither
BS,neither
BS,neither
BS,neither
BS,neither
BS,neither
BS,neither
BS,neither
BS,neither
BS,neither
BS,neither
BS,neither
BS,neither
BS,neither
BS,neither
BS,neither
BS,un
BS,un
BS,un
BS,un
BS,un
BS,un
BS,un
BS,un
BS,un
BS,un
BS,un
BS,un
BS,un
BS,un
BS,un
BS,un
BS,un
BS,un
BS,un
BS,un
BS,un
BS,un
BS,un
BS,un
BS,un
BS,un
BS,un
BS,un
BS,un
BS,un
BS,un
BS,un
BS,un
BS,un
BS,un
BS,un
BS,un
BS,un
BS,un
BS,un
BS,un
BS,un
BS,un
BS,un
BS,un
BS,un
BS,un
BS,un
BS,un
BS,un
BS,un
BS,un
BS,un
BS,un
BS,un
BS,un
BS,un
BS,un
BS,un
BS,un
BS,un
BS,un
BS,un
BS,un
BS,un
BS,un
BS,un
BS,un
BS,un
BS,un
BS,un
BS,un
BS,un
BS,un
BS,un
BS,un
BS,un
BS,un
BS,un
BS,un
BS,un
BS,un
BS,un
BS,un
BS,un
BS,un
BS,un
BS,un
BS,un
BS,un
BS,un
BS,un
BS,un
BS,un
BS,un
BS,un
BS,un
BS,un
BS,un
BS,un
BS,un
BS,un
BS,un
BS,un
BS,un
BS,un
BS,un
BS,un
BS,un
BS,un
BS,un
BS,un
BS,un
BS,un
BS,un
BS,un
BS,un
BS,un
BS,un
BS,un
BS,un
BS,un
BS,un
BS,un
BS,un
BS,un
BS,un
BS,un
BS,un
BS,un
BS,un
BS,un
BS,un
BS,un
BS,un
BS,un
BS,un
BS,un
BS,un
BS,un
BS,un
BS,un
BS,un
BS,un
BS,un
BS,un
BS,un
BS,un
BS,un
BS,un
BS,un
BS,un
BS,un
BS,un
BS,un
BS,un
BS,un
BS,un
BS,un
BS,un
BS,un
BS,un
BS,un
BS,un
BS,un
BS,un
BS,un
BS,un
BS,un
BS,un
BS,un
BS,un
BS,un
BS,un
BS,un
BS,un
BS,un
BS,un
BS,un
BS,un
BS,un
BS,un
BS,un
BS,un
BS,un
BS,un
BS,un
BS,vun
BS,vun
BS,vun
BS,vun
BS,vun
BS,vun
BS,vun
BS,vun
BS,vun
BS,vun
BS,vun
BS,vun
BS,vun
BS,vun
BS,vun
BS,vun
BS,vun
BS,vun
BS,vun
BS,vun
BS,vun
BS,vun
BS,vun
BS,vun
BS,vun
BS,vun
BS,vun
BS,vun
BS,vun
BS,vun
BS,vun
BS,vun
BS,vun
BS,vun
BS,vun
BS,vun
BS,vun
BS,vun
BS,vun
BS,vun
BS,vun
BS,vun
BS,vun
BS,vun
BS,vun
BS,vun
BS,vun
BS,vun
BS,vun
BS,vun
BS,vun
BS,vun
BS,vun
BS,vun
BS,vun
BS,vun
BS,vun
BS,vun
BS,vun
BS,vun
BS,vun
BS,vun
BS,vun
BS,vun
BS,vun
BS,vun
BS,vun
BS,vun
BS,vun
BS,vun
BS,vun
BS,vun
BS,vun
BS,vun
BS,vun
grad,vwill
grad,vwill
grad,vwill
grad,vwill
grad,vwill
grad,vwill
grad,vwill
grad,vwill
grad,vwill
grad,vwill
grad,vwill
grad,vwill
grad,vwill
grad,vwill
grad,vwill
grad,vwill
grad,vwill
grad,vwill
grad,vwill
grad,vwill
grad,vwill
grad,vwill
grad,vwill
grad,vwill
grad,will
grad,will
grad,will
grad,will
grad,will
grad,will
grad,will
grad,will
grad,will
grad,will
grad,will
grad,will
grad,will
grad,will
grad,will
grad,will
grad,will
grad,will
grad,will
grad,will
grad,will
grad,will
grad,will
grad,will
grad,will
grad,will
grad,will
grad,will
grad,will
grad,will
grad,will
grad,will
grad,will
grad,will
grad,will
grad,will
grad,will
grad,will
grad,will
grad,will
grad,will
grad,will
grad,will
grad,will
grad,will
grad,will
grad,will
grad,will
grad,will
grad,will
grad,will
grad,will
grad,will
grad,will
grad,will
grad,will
grad,will
grad,will
grad,will
grad,will
grad,will
grad,will
grad,will
grad,will
grad,will
grad,will
grad,will
grad,will
grad,will
grad,will
grad,will
grad,will
grad,will
grad,will
grad,will
grad,will
grad,will
grad,will
grad,will
grad,will
grad,will
grad,will
grad,will
grad,will
grad,will
grad,will
grad,will
grad,will
grad,will
grad,will
grad,will
grad,will
grad,will
grad,will
grad,will
grad,will
grad,will
grad,will
grad,will
grad,will
grad,will
grad,will
grad,will
grad,will
grad,neither
grad,neither
grad,neither
grad,neither
grad,neither
grad,neither
grad,neither
grad,neither
grad,neither
grad,neither
grad,neither
grad,neither
grad,neither
grad,neither
grad,neither
grad,neither
grad,neither
grad,neither
grad,neither
grad,neither
grad,neither
grad,neither
grad,neither
grad,neither
grad,neither
grad,neither
grad,neither
grad,neither
grad,neither
grad,neither
grad,neither
grad,neither
grad,neither
grad,neither
grad,neither
grad,neither
grad,neither
grad,neither
grad,neither
grad,neither
grad,neither
grad,neither
grad,neither
grad,neither
grad,neither
grad,neither
grad,neither
grad,neither
grad,neither
grad,neither
grad,neither
grad,neither
grad,neither
grad,neither
grad,neither
grad,neither
grad,neither
grad,neither
grad,neither
grad,neither
grad,neither
grad,neither
grad,neither
grad,neither
grad,neither
grad,neither
grad,neither
grad,neither
grad,neither
grad,neither
grad,neither
grad,neither
grad,neither
grad,neither
grad,neither
grad,neither
grad,neither
grad,neither
grad,neither
grad,neither
grad,neither
grad,neither
grad,neither
grad,un
grad,un
grad,un
grad,un
grad,un
grad,un
grad,un
grad,un
grad,un
grad,un
grad,un
grad,un
grad,un
grad,un
grad,un
grad,un
grad,un
grad,un
grad,un
grad,un
grad,un
grad,un
grad,un
grad,un
grad,un
grad,un
grad,un
grad,un
grad,un
grad,un
grad,un
grad,un
grad,un
grad,un
grad,un
grad,un
grad,un
grad,un
grad,un
grad,un
grad,un
grad,un
grad,un
grad,un
grad,un
grad,un
grad,un
grad,un
grad,un
grad,un
grad,un
grad,un
grad,un
grad,un
grad,un
grad,un
grad,un
grad,un
grad,un
grad,un
grad,un
grad,un
grad,un
grad,un
grad,vun
grad,vun
grad,vun
grad,vun
grad,vun
grad,vun
grad,vun
grad,vun
grad,vun
grad,vun
grad,vun
grad,vun
grad,vun
grad,vun
grad,vun
grad,vun
grad,vun
grad,vun
grad,vun
grad,vun
grad,vun
grad,vun
grad,vun
grad,vun
